ChEMBL_ID,Smiles,Standard_value,Activity
CHEMBL268326,C[C@H]1C[C@@H](C)Nc2cc3nc(O)cc(C(F)(F)F)c3cc21,6.823908741,active
CHEMBL717,CC(=O)O[C@]1(C(C)=O)CC[C@H]2[C@@H]3C[C@H](C)C4=CC(=O)CC[C@]4(C)[C@H]3CC[C@@]21C,7.214670165,active
CHEMBL268569,CCC[C@@H]1CCc2cc3c(C(F)(F)F)cc(O)nc3cc2N1,6.494850022,active
CHEMBL3706911,CC(C)(C)CNc1ccc2[nH]c(=O)cc(C(F)(F)F)c2c1,6.568636236,active
CHEMBL3706881,CC(C)CNc1ccc2c(C(F)(F)F)cc(=O)[nH]c2c1,6.13076828,active
CHEMBL3706878,CCNc1ccc2c(C(F)(F)F)cc(=O)[nH]c2c1,6.455931956,active
CHEMBL132803,CC1=CC(C)(C)Nc2cc3nc(F)cc(C(F)(F)F)c3cc21,6.508638306,active
CHEMBL246140,C=C[C@]12CCC(=O)C=C1CC[C@@H]1[C@@H]2CC[C@]2(C)[C@@H](O)CC[C@@H]12,7.102372909,active
CHEMBL157407,Cn1c(=O)cc(C(F)(F)F)c2cc3c(cc21)N1CCCC1(C)CC3,6.568636236,active
CHEMBL3706928,CCOC(=O)CN(CC(F)(F)F)c1ccc2[nH]c(=O)cc(C(F)(F)F)c2c1,6.721246399,active
CHEMBL235128,C[C@H](N(CC(F)(F)F)c1ccc2[nH]c(=O)cc(C(F)(F)F)c2c1)C(F)(F)F,6.698970004,active
CHEMBL238124,CC(C)c1cc(=O)[nH]c2ccc(N(CC(F)(F)F)CC(F)(F)F)cc12,7.698970004,active
CHEMBL3706875,CCCNc1ccc2c(C(F)(F)F)cc(=O)[nH]c2c1,6.494850022,active
CHEMBL346487,CC1=CC(C)(C)Nc2cc3nc(O)cc(C)c3cc21,6.443697499,active
CHEMBL403039,CC12CCC(C)(O1)[C@@H]1C(=O)N(c3ccc([N+](=O)[O-])c4c(Br)cccc34)C(=O)[C@@H]12,6.397940009,active
CHEMBL134140,CC1(C)CCc2cc3c(C(F)(F)F)cc(Br)nc3cc2N1,6.142667504,active
CHEMBL1947185,CC1(C)CN(CCC#N)C(=O)[C@@H]1Oc1ccc(C#N)c(Cl)c1,6.167491087,active
CHEMBL1288959,Oc1cccc2c1[nH]c1ccc(Cl)c(Cl)c12,6.823908741,active
CHEMBL188297,O=C1[C@H]2[C@H]3CC[C@H](C3)[C@H]2C(=O)N1c1ccc([N+](=O)[O-])c(C(F)(F)F)c1,7,active
CHEMBL422707,CCC1(C)CCc2cc3c(C(F)(F)F)cc(=O)n(C)c3cc2N1,6.318758763,active
CHEMBL2112216,CC[C@H]1C[C@@H](C)Nc2cc3oc(=O)cc(C(F)(F)F)c3cc21,6.920818754,active
CHEMBL281945,C[C@H]1CNc2cc3nc(O)cc(C(F)(F)F)c3cc2C1CCC(F)(F)F,6.214670165,active
CHEMBL6855,CCCC1CCNc2cc3oc(=O)cc(C(F)(F)F)c3cc21,7.301029996,active
CHEMBL3706910,CC(C)CNc1ccc2[nH]c(=O)cc(C(F)(F)F)c2c1,6.657577319,active
CHEMBL3706888,O=c1cc(C(F)(F)F)c2ccc(NCC(F)(F)F)cc2[nH]1,6.677780705,active
CHEMBL7177,CC[C@@H]1CCc2cc3c(C(F)(F)F)cc(O)nc3cc2N1,6.958607315,active
CHEMBL3238290,Cc1cc(F)ccc1OC[C@](C)(O)C(=O)N1CCc2c(C#N)cccc21,6.970616222,active
CHEMBL3238285,C[C@](O)(COc1ccc(C#N)cc1)C(=O)N1CCc2c(C#N)cccc21,6.785156152,active
CHEMBL3238289,C[C@](O)(COc1ccc(F)cc1Br)C(=O)N1CCc2c(C#N)cccc21,6.943095149,active
CHEMBL1288979,OC1(C(F)(F)F)CCCc2c1[nH]c1c(Cl)cc(Cl)cc21,6.468521083,active
CHEMBL1916252,CC1(C)[C@H](NC(=O)c2ccn(CCC#N)n2)C(C)(C)[C@H]1Oc1ccc(C#N)c(Cl)c1,6.045757491,active
CHEMBL3935242,C[C@@]12[C@@H]3CC[C@@H](C3=O)[C@@H]1CN(c1ccc(C#N)c(C(F)(F)F)c1)S2(=O)=O,6.173925197,active
CHEMBL269305,CCC1CC(C)c2cc3c(C(F)(F)F)cc(=O)oc3cc2N1,6.958607315,active
CHEMBL151601,CC1(C)C(=O)N(c2ccc(C#N)c(C(F)(F)F)c2)C(=O)N1CC#CCOCc1ccc(O)c(C(N)=O)c1,6.30980392,active
CHEMBL146858,CC1(C)NC(=O)N(c2ccc(C#N)c(C(F)(F)F)c2)C1=O,7.22184875,active
CHEMBL247453,O=c1cc(C(F)(F)F)c2c3c(ccc2[nH]1)N(CC(F)(F)F)[C@H](c1ccccc1)CO3,6.187086643,active
CHEMBL132427,CN1c2cc3nc(C#N)cc(C(F)(F)F)c3cc2CCC1(C)C,6.346787486,active
CHEMBL267850,CC(C)[C@@H]1CCc2cc3c(C(F)(F)F)cc(O)nc3cc2N1,6.602059991,active
CHEMBL450334,O=c1cc(C(F)(F)F)c2c3c(ccc2[nH]1)-c1ccccc1CO3,6.397940009,active
CHEMBL2159566,N#Cc1ccc(C2=NOC3CCCCC23)cc1C(F)(F)F,6.560036064,active
CHEMBL549375,Cc1ncc(/C=C2\C[C@H]3[C@@H]4CC[C@H]5N(C)C(=O)C=C[C@]5(C)[C@H]4CC[C@]3(C)[C@H]2O)cn1,6.366531544,active
CHEMBL1288980,OC1(C(F)(F)F)CCCc2c1[nH]c1c(Cl)ccc(Cl)c21,6.070581074,active
CHEMBL1288981,OC1(C(F)(F)F)CCCc2c1[nH]c1c(Cl)cc(F)cc21,6.045757491,active
CHEMBL3623119,CCC(=O)N[C@@H]1C[C@]2(C)O[C@]1(C)[C@@H]1C(=O)N(c3ccc(C#N)c(C(F)(F)F)c3)C(=O)[C@@H]12,6.638272164,active
CHEMBL6689,CC[C@H]1Nc2cc3nc(O)cc(C(F)(F)F)c3cc2CC1(C)C,6.37675071,active
CHEMBL134209,C[S+]([O-])c1cc(C(F)(F)F)c2cc3c(cc2n1)NC(C)(C)CC3,6.200659451,active
CHEMBL3926358,C[C@@]12[C@@H]3CC[C@@H](C3)[C@@H]1CN(c1ccc(C#N)c(C(F)(F)F)c1)S2(=O)=O,6.13667714,active
CHEMBL160250,CCC1(CC)CCc2cc3c(C(F)(F)F)cc(O)nc3cc2N1,6.568636236,active
CHEMBL266473,CCC1CCc2cc3c(C(F)(F)F)cc(=O)oc3cc2N1,8,active
CHEMBL157703,CC1=CC(C)(C)Nc2c1cc1c(C(F)(F)F)cc(O)nc1c2C,6.638272164,active
CHEMBL4095364,Cn1c(C#N)ccc1-c1c(F)cc(O)cc1F,7.795880017,active
CHEMBL235126,O=c1cc(O)c2cc(N(CC(F)(F)F)CC(F)(F)F)ccc2[nH]1,7.15490196,active
CHEMBL3623126,C[C@@]12C[C@@H](NS(=O)(=O)c3cccnc3)[C@](C)(O1)[C@@H]1C(=O)N(c3ccc(C#N)c(C(F)(F)F)c3)C(=O)[C@@H]12,7.15490196,active
CHEMBL3893320,N#Cc1ccc(N2C[C@H]3[C@H]4CC[C@H](C4)[C@@]3(C(N)=O)S2(=O)=O)cc1C(F)(F)F,6.259637311,active
CHEMBL556229,CN1C(=O)C=C[C@]2(C)[C@H]3CC[C@]4(C)[C@@H](O)[C@H](Cc5cccc(F)c5)C[C@H]4[C@@H]3CC[C@@H]12,6.638272164,active
CHEMBL562780,CN1C(=O)C=C[C@]2(C)[C@H]3CC[C@@]4(C)[C@@H](C/C(=C\c5cccnc5)[C@@H]4O)[C@@H]3CC[C@@H]12,6.207608311,active
CHEMBL350465,CCC1Cc2cc3c(C(F)(F)F)cc(O)nc3cc2NC1(C)C,6.337242168,active
CHEMBL161892,CN1c2cc3c(cc2[C@H]2CCCC[C@H]21)c(C(F)(F)F)cc(=O)n3C,6.443697499,active
CHEMBL4226259,Cc1c(C#N)c(-c2ccc(C#N)cc2)c(C)n1Cc1ccc(C(=O)O)cc1,7.853871964,active
CHEMBL345342,CC1=CC(C)(C)N(C)c2cc3c(cc21)c(C(F)(F)F)cc(=O)n3C,6.337242168,active
CHEMBL3402221,C[C@H]1CCCN1c1ccc(C#N)c2ccccc12,8.075720714,active
CHEMBL3402231,C[C@H]1[C@@H](CO)CCN1c1ccc(C#N)c2ccccc12,7.387216143,active
CHEMBL351148,CCC1(C)CCc2cc3c(C(F)(F)F)cc(O)nc3cc2N1,6.638272164,active
CHEMBL271261,CC12CCC(C)(O1)[C@@H]1C(=O)N(c3c(N)ccc4nccn34)C(=O)[C@@H]12,6.15490196,active
CHEMBL4093265,CC(C)C[C@H]1[C@@H](O)CC(=O)N1c1ccc(C#N)c(Cl)c1,7.259637311,active
CHEMBL4088914,CC[C@H]1[C@@H](O)CC(=O)N1c1ccc(C#N)c(C(F)(F)F)c1,7.443697499,active
CHEMBL268098,O=c1cc(C(F)(F)F)c2cc3c(cc2o1)NCCC3,8,active
CHEMBL423620,CC1(C)CCC[C@]2(C)c3cc4c(C(F)(F)F)cc(O)nc4cc3N[C@H]12,6.292429824,active
CHEMBL1830944,CC1(C)CN(Cc2cccc(O)c2)C(=O)C1Oc1ccc(C#N)c(C(F)(F)F)c1,6.958607315,active
CHEMBL2113034,CC1(C)C(=O)N(c2ccc(C#N)c(C(F)(F)F)c2)C(=O)N1OCCOCCCc1ccc(O)c(C(N)=O)c1,6.113509275,active
CHEMBL256947,COc1cccc2c1-c1ccc3[nH]c(=O)cc(C)c3c1CO2,6.920818754,active
CHEMBL258190,COc1cccc2c1-c1ccc3[nH]c(=O)cc(C)c3c1C(O)O2,6.301029996,active
CHEMBL3623117,CN(C(=O)[C@@H]1C[C@]2(C)O[C@]1(C)[C@@H]1C(=O)N(c3ccc(C#N)c(C(F)(F)F)c3)C(=O)[C@@H]12)c1ccccc1,6.468521083,active
CHEMBL3623114,C[C@@]12C[C@H](O)[C@](C)(O1)[C@@H]1C(=O)N(c3ccc(C#N)c(I)c3)C(=O)[C@@H]12,7,active
CHEMBL2011381,COc1cc(N2C(=O)C(C)(C)c3cc(-c4cccnc4OC)ccc32)ccc1C#N,6.099086932,active
CHEMBL3233070,C[C@](O)(COc1ccc(Cl)cc1F)C(=O)N1CCc2c(C#N)cccc21,7.301029996,active
CHEMBL27297,CCC1CCNc2cc3c(cc21)c(C(F)(F)F)cc(=O)n3C,6.698970004,active
CHEMBL427898,COc1c(O)ccc2oc(=O)c3c(ccc4[nH]c(=O)cc(C)c43)c12,8.698970004,active
CHEMBL404512,O=c1cc(C(F)(F)F)c2cc3c(cc2[nH]1)OC[C@@H](CO)N3CC(F)(F)F,6.22184875,active
CHEMBL256082,O=c1cc(C(F)(F)F)c2cc3c(cc2[nH]1)OC[C@@H](Cc1ccccc1)N3CC(F)(F)F,6.292429824,active
CHEMBL257151,Cc1cc(=O)[nH]c2ccc3c(c12)COc1cccc(CO)c1-3,8.522878745,active
CHEMBL255918,CSCC1COc2cc3[nH]c(=O)cc(C(F)(F)F)c3cc2N1CC(F)(F)F,6.602059991,active
CHEMBL2112312,CC[C@@H]1c2cc3c(C(F)(F)F)cc(=O)oc3cc2NC[C@H]1C,8.522878745,active
CHEMBL146794,CC1(C)C(=O)N(c2ccc(C#N)c(C(F)(F)F)c2)C(=O)N1CCOCCOCc1ccc(O)c(C(N)=O)c1,6.113509275,active
CHEMBL1916244,CC1(C)[C@H](NC(=O)c2cn[nH]c2)C(C)(C)[C@H]1Oc1ccc(C#N)c(Cl)c1,6.37675071,active
CHEMBL1916245,Cn1cc(C(=O)N[C@H]2C(C)(C)[C@H](Oc3ccc(C#N)c(Cl)c3)C2(C)C)cn1,6.698970004,active
CHEMBL1916247,CC1(C)[C@H](NC(=O)c2cnc3ncccn23)C(C)(C)[C@H]1Oc1ccc(C#N)c(Cl)c1,6.795880017,active
CHEMBL1916248,Cc1nc2ncccn2c1C(=O)N[C@H]1C(C)(C)[C@H](Oc2ccc(C#N)c(Cl)c2)C1(C)C,6.161150909,active
CHEMBL2113248,CC(C)C[C@H]1c2cc3c(C(F)(F)F)cc(O)nc3cc2NC[C@@H]1C,6.537602002,active
CHEMBL255331,CC12C[C@H](O)C(C)(O1)[C@@H]1C(=O)N(c3ccc(C#N)c(I)c3)C(=O)[C@@H]12,7,active
CHEMBL272509,CSc1cc(N2C(=O)[C@H]3[C@@H](C2=O)C2(C)CCC3(C)O2)ccc1C#N,6.721246399,active
CHEMBL379441,C[C@]12CCC3C(CC=C4C[C@@H](O)CC[C@@]43/C=C\Br)C1CC[C@@H]2O,6.698970004,active
CHEMBL134260,Cc1cc(C#N)sc1-c1ccc2c(c1)C(C)CC(C)(C)N2,6.346787486,active
CHEMBL369542,O=C1[C@H]2C3C=CC(CCC3)[C@H]2C(=O)N1c1ccc([N+](=O)[O-])c2ccccc12,6.30980392,active
CHEMBL249070,CCC(C)N(C)c1cc(C(F)(F)F)c(C#N)cn1,7.15490196,active
CHEMBL156806,CC1(C)Cc2cc3c(C(F)(F)F)cc(O)nc3cc2NC1(C)C,6.080921908,active
CHEMBL165219,C[C@H]1Nc2cc3nc(O)cc(C(F)(F)F)c3cc2C1(C)C,6.318758763,active
CHEMBL165803,C[C@H]1CC[C@H]2Nc3cc4c(cc3[C@H]2C1)c(C(F)(F)F)cc(=O)n4C,6.318758763,active
CHEMBL403214,CC12CCC(C)(O1)[C@@H]1C(=O)N(c3ccc([N+](=O)[O-])c(C(F)(F)F)c3)C(=O)[C@@H]12,6.958607315,active
CHEMBL133167,CN1c2cc3nc(Br)cc(C(F)(F)F)c3cc2CCC1(C)C,6.142667504,active
CHEMBL217168,CN(C)c1ccc2nc(O)cc(C(F)(F)F)c2c1,6.468521083,active
CHEMBL2113036,CC1(C)C(=O)N(c2ccc(C#N)c(C(F)(F)F)c2)C(=O)N1OCC#CCCc1ccc(O)c(C(N)=O)c1,6.30980392,active
CHEMBL382097,CC[C@]12CC[C@H](O)CC1=CCC1C3CC[C@H](O)[C@@]3(C)CCC12,6.48148606,active
CHEMBL2112885,COc1cccc2c1C(=O)c1c(O)c3c(c(O)c1C2=O)C[C@@](O)(C(=O)CO)C[C@@H]3OC1C[C@H](NCNC(=O)c2cc(COCC#CCN3C(=O)N(c4ccc(C#N)c(C(F)(F)F)c4)C(=O)C3(C)C)ccc2O)[C@H](O)[C@H](C)O1,6.045757491,active
CHEMBL6983,C[C@H]1Cc2cc3c(C(F)(F)F)cc(O)nc3cc2N[C@@H]1C,6.48148606,active
CHEMBL160665,CC1Cc2cc3c(C(F)(F)F)cc(O)nc3cc2NC1(C)C,6.522878745,active
CHEMBL257988,O=c1cc(C(F)(F)F)c2cc3c(cc2[nH]1)OC[C@@H](C(F)(F)F)N3CC(F)(F)F,6.468521083,active
CHEMBL4101935,C[C@H]1[C@@H](O)[C@H](Cc2ccccc2)C(=O)N1c1ccc(C#N)c(Cl)c1,7.22184875,active
CHEMBL446191,O=c1cc(C(F)(F)F)c2cc(N3CCCC3)ccc2[nH]1,6.602059991,active
CHEMBL3410851,CC1(O)C[C@@H]2CC[C@@H](C1)N2c1ccc(C#N)c(C(F)(F)F)c1,6.53313238,active
CHEMBL139835,CC(=O)O[C@]1(C(C)=O)CC[C@H]2[C@@H]3C=C(Cl)C4=CC(=O)[C@@H]5C[C@@H]5[C@]4(C)[C@H]3CC[C@@]21C,6.638272164,active
CHEMBL267141,C[C@@H]1CCc2cc3c(C(F)(F)F)cc(O)nc3cc2N1,6.721246399,active
CHEMBL248868,CCCN(CCC)c1cc(C(F)(F)F)c(C#N)cn1,6.107905397,active
CHEMBL133503,CC1(C)CCc2cc3c(C(F)(F)F)cc(F)nc3cc2N1,6.657577319,active
CHEMBL3706874,CCC1CCc2cc3c(C(F)(F)F)cc(=O)[nH]c3cc2N1,6.853871964,active
CHEMBL3706904,O=c1cc(C(F)(F)F)c2ccc(NCC(F)(F)F)cc2o1,6.301029996,active
CHEMBL4586748,C[C@](O)(Cn1ccc2cc([N+](=O)[O-])ccc21)C(=O)Nc1ccc(C#N)c(C(F)(F)F)c1,6.055517328,active
CHEMBL6874,CC1(C)CCc2cc3c(C(F)(F)F)cc(O)nc3cc2N1,6.568636236,active
CHEMBL3898284,C[C@@]12[C@@H]3C=C[C@@H](C3)[C@@H]1CN(c1ccc(C#N)c(C(F)(F)F)c1)S2(=O)=O,6.522878745,active
CHEMBL393280,COc1cc(=O)[nH]c2ccc(N(CC(F)(F)F)CC(F)(F)F)cc12,6.823908741,active
CHEMBL391798,O=c1ccc2cc(N(CC(F)(F)F)CC(F)(F)F)ccc2[nH]1,8,active
CHEMBL165912,CCCN1c2cc3c(cc2[C@H]2CCCC[C@H]21)c(C(F)(F)F)cc(=O)n3C,6.568636236,active
CHEMBL161980,C[C@H]1CC[C@@H]2[C@H](C1)c1cc3c(C(F)(F)F)cc(=O)n(C)c3cc1N2C,6.26760624,active
CHEMBL249700,C=C1C=C2CC[C@H]3[C@@H]4CC[C@H](O)[C@@]4(C)CC[C@@H]3[C@@]2(C)CC1,6.397940009,active
CHEMBL3937441,O=C(N[C@H]1CC[C@H](Oc2ccnc3ccccc23)CC1)c1ccc(F)c(F)c1,6.346787486,active
CHEMBL6654,CCC1Nc2cc3oc(=O)cc(C(F)(F)F)c3cc2CC1C,7.15490196,active
CHEMBL156142,CC1CC(C)(C)Nc2cc3nc(O)cc(C(F)(F)F)c3cc21,6.585026652,active
CHEMBL160713,CCCC1(C)CCc2cc3c(C(F)(F)F)cc(O)nc3cc2N1,6.37675071,active
CHEMBL156982,CCC1CC(C)(C)Nc2cc3nc(O)cc(C(F)(F)F)c3cc21,6.568636236,active
CHEMBL3706885,O=c1cc(C(F)(F)F)c2ccc(NC3CCC3)cc2[nH]1,6.366531544,active
CHEMBL559878,COc1ncc(/C=C2\C[C@H]3[C@@H]4CC[C@H]5N(C)C(=O)C=C[C@]5(C)[C@H]4CC[C@]3(C)[C@H]2O)cn1,6.958607315,active
CHEMBL1290633,OC1(C(F)(F)C(F)(F)F)CCCc2c1[nH]c1cc(Cl)c(Cl)cc21,6.468521083,active
CHEMBL352002,Cc1c2c(cc3c(C(F)(F)F)cc(=O)n(C)c13)C(C)CC(C)(C)N2,6.508638306,active
CHEMBL3238281,C[C@](O)(COc1ccc(C(F)(F)F)cc1)C(=O)N1CCc2c(C#N)cccc21,6.480172006,active
CHEMBL3238287,C[C@](O)(COc1ccccc1C#N)C(=O)N1CCc2c(C#N)cccc21,6.844663963,active
CHEMBL346827,Cn1c(=O)cc(C(F)(F)F)c2cc3c(cc21)NC(C)(C)CC3,6.443697499,active
CHEMBL349539,CC1=C(C)C(C)(C)Nc2cc3nc(O)cc(C(F)(F)F)c3cc21,6.167491087,active
CHEMBL157344,CC1c2cc3c(C(F)(F)F)cc(O)nc3cc2NC(C)(C)C1(C)C,6.244125144,active
CHEMBL2311179,C[C@]12CCC3=C4CCC(=O)C=C4CC[C@H]3[C@@H]1CC[C@@H]2O,8.698970004,active
CHEMBL3238291,C[C@](O)(COc1ccc(C#N)cc1Br)C(=O)N1CCc2c(C#N)cccc21,7.318758763,active
CHEMBL3695599,CC[C@@H]1CC2=CC(=O)CC[C@@H]2[C@H]2CC[C@@]3(C)[C@@H](CC[C@@]34C=CC(=O)O4)[C@@H]21,6.050609993,active
CHEMBL393278,C[C@]12CC[C@H]3[C@@H](CC[C@H]4[C@H]5CCC[C@]43CC[C@@H]5O)[C@@H]1CC[C@@H]2O,6.167491087,active
CHEMBL345854,Oc1cc(C(F)(F)F)c2cc3c(cc2n1)NC1(CCCCC1)CC3,6.455931956,active
CHEMBL202007,C[C@]12CCC3C(CC=C4C[C@@H](O)CC[C@@]43/C=C\F)C1CC[C@@H]2O,6.958607315,active
CHEMBL246800,CCSCC(O)(c1nc2cc(Cl)c(Cl)cc2[nH]1)C(F)(F)F,6.769551079,active
CHEMBL246007,C=CC(O)(c1nc2cc(Cl)c(Cl)cc2[nH]1)C(F)(F)F,7.15490196,active
CHEMBL246138,C=C[C@]12CC[C@H](O)CC1=CC[C@@H]1[C@@H]2CC[C@]2(C)[C@@H](O)CC[C@@H]12,6.48148606,active
CHEMBL146032,CC(=O)c1ccc([C@H]2C[C@@]3(C)[C@@H](CC[C@@]3(O)C(F)(F)C(F)(F)F)[C@@H]3CCC4=CC(=O)CCC4=C32)cc1,6.26760624,active
CHEMBL3623123,C[C@@]12C[C@@H](NS(C)(=O)=O)[C@](C)(O1)[C@@H]1C(=O)N(c3ccc(C#N)c(C(F)(F)F)c3)C(=O)[C@@H]12,6.698970004,active
CHEMBL162368,CC1(C)CCC[C@@H]2c3cc4c(C(F)(F)F)cc(O)nc4cc3N[C@@H]21,6.585026652,active
CHEMBL3908221,CC1(C)C(=O)N(c2ccc(C#N)c(C(F)(F)F)c2)C(=S)N1c1ccc(C(=O)NCCCCCCc2ccc(C(=O)C(F)(F)F)s2)c(F)c1,6.167491087,active
CHEMBL351465,C[C@@H]1Cc2cc3c(C(F)(F)F)cc(O)nc3cc2N1,7.15490196,active
CHEMBL246607,CC[C@@H]1COc2c(ccc3[nH]c(=O)cc(C(F)(F)F)c23)N1,6.075720714,active
CHEMBL2112311,CC[C@H]1c2cc3c(C(F)(F)F)cc(=O)oc3cc2NC[C@H]1C,7.698970004,active
CHEMBL4101232,CC[C@@H]1C(=O)N(c2ccc(C#N)c(Cl)c2)[C@@H](C)[C@H]1O,7.494850022,active
CHEMBL562471,CN1C(=O)C=C[C@]2(C)[C@H]3CC[C@@]4(C)[C@@H](C/C(=C\c5cccc(F)c5)[C@@H]4O)[C@@H]3CC[C@@H]12,6.568636236,active
CHEMBL556431,CN1C(=O)C=C[C@]2(C)[C@H]3CC[C@@]4(C)[C@@H](C/C(=C\c5cc(F)cc(F)c5)[C@@H]4O)[C@@H]3CC[C@@H]12,6.387216143,active
CHEMBL551270,CN1C(=O)C=C[C@]2(C)[C@H]3CC[C@@]4(C)[C@@H](C/C(=C\c5cnc(C6CC6)nc5)[C@@H]4O)[C@@H]3CC[C@@H]12,6.292429824,active
CHEMBL7455,CC[C@H]1Nc2cc3nc(O)cc(C(F)(F)F)c3cc2C[C@@H]1C,6.958607315,active
CHEMBL266928,O=c1cc(C(F)(F)F)c2cc3c(cc2o1)NCCC3C(F)(F)C(F)(F)F,7.301029996,active
CHEMBL3238274,C[C@](O)(COc1ccc(F)cc1)C(=O)N1CCc2c(C#N)cccc21,6.896196279,active
CHEMBL3238275,C[C@](O)(COc1cccc(F)c1)C(=O)N1CCc2c(C#N)cccc21,6.465973894,active
CHEMBL1099140,CN1C(=S)N(c2ccc(C#N)c(C(F)(F)F)c2)C(=O)C1(C)C,6.823908741,active
CHEMBL401711,Cc1cc(=O)[nH]c2ccc3c4c(C(=O)OC(C)(C)C)cccc4oc(=O)c3c12,7.721246399,active
CHEMBL450933,COc1cccc2oc(=O)c3c(ccc4[nH]c(=O)cc(C)c43)c12,6.677780705,active
CHEMBL1946809,CC1(C)CN(Cc2nnc(-c3ccccc3)o2)C(=O)[C@@H]1Oc1ccc(C#N)c(C(F)(F)F)c1,6.148741651,active
CHEMBL160386,CC1=CC(C)(C)Nc2cc3c(cc21)c(C(F)(F)F)cc(=O)n3C,6.468521083,active
CHEMBL267270,O=c1cc(C(F)(F)F)c2cc3c(cc2o1)NCCC3C(F)(F)F,7.698970004,active
CHEMBL256329,Cc1ccc([C@H]2COc3cc4[nH]c(=O)cc(C(F)(F)F)c4cc3N2CC(F)(F)F)cc1,6.356547324,active
CHEMBL166323,Oc1cc(C(F)(F)F)c2cc3c(cc2n1)NCC3,6.638272164,active
CHEMBL1946807,CC(c1nnc(-c2cccc(F)c2)o1)N1CC(C)(C)C(Oc2ccc(C#N)c(C(F)(F)F)c2)C1=O,6.113509275,active
CHEMBL3928026,N#Cc1cccc2c(O[C@H]3CC[C@H](NC(=O)c4cc(F)cc(F)c4)CC3)ccnc12,6.408935393,active
CHEMBL3895604,N#Cc1cccc2c(O[C@H]3CC[C@H](NC(=O)c4ccc(Cl)c(F)c4)CC3)ccnc12,6.214670165,active
CHEMBL1916237,CC(=O)N[C@H]1C(C)(C)[C@H](Oc2ccc(C#N)c(Cl)c2)C1(C)C,6.494850022,active
CHEMBL1916242,CC1(C)[C@H](NC(=O)c2cnccn2)C(C)(C)[C@H]1Oc1ccc(C#N)c(Cl)c1,6.086186148,active
CHEMBL392004,CCCc1cc(=O)[nH]c2ccc(N(CC(F)(F)F)CC(F)(F)F)cc12,6.443697499,active
CHEMBL163142,CN1c2cc3c(cc2[C@H]2CCCC(C)(C)[C@H]21)c(C(F)(F)F)cc(=O)n3C,6.568636236,active
CHEMBL373019,C=C[C@]12CC[C@H](O)CC1=CCC1C2CC[C@@]2(C)C1CC[C@@H]2O,6.48148606,active
CHEMBL3233072,C[C@](O)(COc1ccc(Br)cc1F)C(=O)N1CCc2c(C#N)cccc21,6.434152181,active
CHEMBL3623124,C[C@@]12C[C@@H](NS(=O)(=O)c3ccccc3)[C@](C)(O1)[C@@H]1C(=O)N(c3ccc(C#N)c(C(F)(F)F)c3)C(=O)[C@@H]12,8,active
CHEMBL398431,CCCN(CC1CC1)c1cc(C(F)(F)F)c(C#N)cn1,8.096910013,active
CHEMBL6721,CCC1CC(CC)c2cc3c(C(F)(F)F)cc(=O)oc3cc2N1,7.15490196,active
CHEMBL2113247,C[C@@H]1CNc2cc3nc(O)cc(C(F)(F)F)c3cc2[C@@H]1CCC(F)(F)F,6.200659451,active
CHEMBL1170,CCC(=O)O[C@H]1CC[C@H]2[C@@H]3CCC4=CC(=O)CC[C@]4(C)[C@H]3CC[C@]12C,6.744727495,active
CHEMBL3233069,COc1ccc(OC[C@](C)(O)C(=O)N2CCc3c(C#N)cccc32)c(Cl)c1,7.455931956,active
CHEMBL1916238,CC(=O)N[C@H]1C(C)(C)[C@H](Oc2ccc(C#N)c(C)c2)C1(C)C,6.15490196,active
CHEMBL1916243,CC1(C)[C@H](NC(=O)c2cc[nH]n2)C(C)(C)[C@H]1Oc1ccc(C#N)c(Cl)c1,6.124938737,active
CHEMBL1914477,Cc1cc(C(=O)N[C@H]2C(C)(C)[C@H](Oc3ccc(C#N)c(Cl)c3)C2(C)C)nn1C,6.26760624,active
CHEMBL351519,C[C@H]1Nc2cc3c(cc2C1(C)C)c(C(F)(F)F)cc(=O)n3C,6.657577319,active
CHEMBL272574,CC12C[C@@H](O)C(C)(O1)[C@H]1C(=O)N(c3ccc(C#N)c(I)c3)C(=O)[C@H]12,6.721246399,active
CHEMBL403061,COc1cc(N2C(=O)[C@H]3[C@@H](C2=O)C2(C)CCC3(C)O2)ccc1-c1cnco1,6.698970004,active
CHEMBL3706898,CCCc1cc2c(C(F)(F)F)cc(=O)[nH]c2cc1N,6.721246399,active
CHEMBL3706879,CCCCNc1ccc2c(C(F)(F)F)cc(=O)[nH]c2c1,6.173925197,active
CHEMBL3706909,O=c1cc(C(F)(F)F)c2cc(NC3CCCC3)ccc2[nH]1,6.37675071,active
CHEMBL3706897,CCc1cc2c(C(F)(F)F)cc(=O)[nH]c2cc1N,6.638272164,active
CHEMBL3706896,Cc1cc2c(C(F)(F)F)cc(=O)[nH]c2cc1N,6.119186408,active
CHEMBL3706894,CCN(CC(F)(F)F)c1ccc2c(C(F)(F)F)cc(=O)[nH]c2c1,6.37675071,active
CHEMBL3706882,CC(C)(C)CNc1ccc2c(C(F)(F)F)cc(=O)[nH]c2c1,6.008773924,active
CHEMBL249071,CCCCN(C)c1cc(C(F)(F)F)c(C#N)cn1,7.420216403,active
CHEMBL397563,O=c1cc(C(F)(F)F)c2c3c(ccc2[nH]1)N(CC1CC1)[C@H](c1ccccc1)CO3,6.346787486,active
CHEMBL257751,O=c1cc(C(F)(F)F)c2c(ccc3c2oc(=O)c2cccc(O)c23)[nH]1,6.657577319,active
CHEMBL4584527,CN(C[C@](C)(O)C(=O)Nc1ccc(C#N)c(C(F)(F)F)c1)c1ccc(C#N)c(-c2ccccc2)c1,6.318758763,active
CHEMBL4225339,CC(O)(CS(=O)(=O)c1ccc(C(=O)O)cc1)C(=O)Nc1ccc(C#N)c(C(F)(F)F)c1,6.26760624,active
CHEMBL238365,N#Cc1ccc(-c2ccccc2Cl)cc1C(F)(F)F,7.008773924,active
CHEMBL64294,CC1=CC(C)(C)Nc2ccc3c(c21)COc1ccc([N+](=O)[O-])cc1-3,6.22184875,active
CHEMBL386437,CCCC(=O)Oc1ccc(COCC#CCN2C(=O)N(c3ccc(C#N)c(C(F)(F)F)c3)C(=O)C2(C)C)cc1C(=O)NCN[C@H]1CC(OC2C[C@](O)(C(=O)CO)Cc3c(O)c4c(c(O)c32)C(=O)c2c(OC)cccc2C4=O)O[C@@H](C)[C@H]1O,6.200659451,active
CHEMBL7058,C[C@@H]1Cc2cc3c(C(F)(F)F)cc(O)nc3cc2N[C@@H]1C,6.13076828,active
CHEMBL4226844,Cc1nn(-c2ccc(C#N)c(Cl)c2)c(C)c1CCc1ccc(C(=O)O)cc1,6.27572413,active
CHEMBL133792,CC1(C)CCc2cc3c(C(F)(F)F)cc(Cl)nc3cc2N1,6.522878745,active
CHEMBL4447539,CC1(C)CCc2cc3c(cc2N1)NC(C#N)C=C3C(F)(F)F,7.045757491,active
CHEMBL538137,C[C@@H]1C[C@H]2[C@@H]3CC[C@H]4N(C)C(=O)C=C[C@]4(C)[C@H]3CC[C@]2(C)[C@H]1O,6.508638306,active
CHEMBL557116,C/C=C1\C[C@H]2[C@@H]3CC[C@H]4N(C)C(=O)C=C[C@]4(C)[C@H]3CC[C@]2(C)[C@H]1O,6.455931956,active
CHEMBL563597,CNc1ncc(/C=C2\C[C@H]3[C@@H]4CC[C@H]5N(C)C(=O)C=C[C@]5(C)[C@H]4CC[C@]3(C)[C@H]2O)cn1,6.508638306,active
CHEMBL3410850,N#Cc1ccc(N2[C@H]3CC[C@H]2CC(O)C3)cc1C(F)(F)F,6.400116928,active
CHEMBL3402230,C[C@H]1C(=O)CCN1c1ccc(C#N)c2ccccc12,6.431798276,active
CHEMBL7089,CC[C@H]1Nc2cc3nc(O)cc(C(F)(F)F)c3cc2C[C@H]1C,6.823908741,active
CHEMBL255216,CC12CCC(C)(O1)[C@@H]1C(=O)N(c3ccc(C#N)n4nccc34)C(=O)[C@@H]12,6.055517328,active
CHEMBL272510,CC12CCC(C)(O1)[C@@H]1C(=O)N(c3cccc(C(F)(F)F)c3)C(=O)[C@@H]12,6.443697499,active
CHEMBL180681,Cc1cc(N2C(=O)[C@H]3C4C=CC(CC4)[C@H]3C2=O)ccc1Br,6.167491087,active
CHEMBL3706905,O=c1cc(C(F)(F)F)c2ccc(N(CC(F)(F)F)CC(F)(F)F)cc2o1,6.200659451,active
CHEMBL3706899,CCC(C)c1cc2c(C(F)(F)F)cc(=O)[nH]c2cc1N,6.853871964,active
CHEMBL156278,CC1CC(C)(C)Nc2cc3c(cc21)c(C(F)(F)F)cc(=O)n3C,6.13667714,active
CHEMBL1916251,CC1(C)[C@H](NC(=O)c2cnn(CCO)c2)C(C)(C)[C@H]1Oc1ccc(C#N)c(Cl)c1,6.229147988,active
CHEMBL253535,O=c1cc(C(F)(F)F)c2c3c(ccc2[nH]1)-c1c(O)cccc1OC3,7.958607315,active
CHEMBL401629,COc1cccc2c1-c1ccc3[nH]c(=O)cc(C(F)(F)F)c3c1CO2,6.853871964,active
CHEMBL162503,Cn1c(=O)cc(C(F)(F)F)c2cc3c(cc21)NCC3,6.251811973,active
CHEMBL253744,COc1cccc2c1-c1ccc3[nH]c(=O)cc(C)c3c1C(C)O2,6.207608311,active
CHEMBL385509,Nc1ccc2nc(O)cc(C(F)(F)F)c2c1,6.585026652,active
CHEMBL3238273,C[C@](O)(COc1ccccc1)C(=O)N1CCc2c(C#N)cccc21,6.002176919,active
CHEMBL3238279,C[C@](O)(COc1ccccc1Cl)C(=O)N1CCc2c(C#N)cccc21,6.249491605,active
CHEMBL559246,CN1C(=O)C=C[C@]2(C)[C@H]3CC[C@]4(C)[C@@H](O)CC[C@H]4[C@@H]3CC[C@@H]12,7.15490196,active
CHEMBL538877,COC[C@@H]1C[C@H]2[C@@H]3CC[C@H]4N(C)C(=O)C=C[C@]4(C)[C@H]3CC[C@]2(C)[C@H]1O,6.619788758,active
CHEMBL392000,C=CC[C@@H]1C2=CC[C@@H]3[C@H](CC[C@]4(C)[C@@H](O)CC[C@@H]34)[C@@]2(C=C)CC[C@@H]1O,6.823908741,active
CHEMBL3907028,N#Cc1cccc2c(O[C@H]3CC[C@H](NC(=O)c4ccc(F)c(Cl)c4)CC3)ccnc12,6.173925197,active
CHEMBL247786,C[C@@H]1COc2c(ccc3[nH]c(=O)cc(C(F)(F)F)c23)N1,6.142667504,active
CHEMBL203748,C=C[C@]12CCC(=O)C=C1CCC1C2CC[C@@]2(C)C1CC[C@@H]2O,7.102372909,active
CHEMBL267907,C[C@H]1Nc2cc3nc(O)cc(C(F)(F)F)c3cc2CC1(C)C,6.619788758,active
CHEMBL3402226,N#Cc1ccc(N2CCC[C@@H]2C(N)=O)c2ccccc12,6.468521083,active
CHEMBL264131,COc1cccc2c1C(=O)c1c(O)c3c(c(O)c1C2=O)C[C@@](O)(C(=O)CO)CC3OC1C[C@H](NCNC(=O)c2cc(COCC#CCN3C(=O)N(c4ccc(C#N)c(C(F)(F)F)c4)C(=O)C3(C)C)ccc2O)[C@H](O)[C@H](C)O1,6.045757491,active
CHEMBL3913554,Cc1ccc(C(=O)N[C@H]2CC[C@H](Oc3ccnc4c(Br)cccc34)CC2)cc1F,6.167491087,active
CHEMBL570897,O=[N+]([O-])c1ccc(N2CCCC2)c2ccccc12,7.602059991,active
CHEMBL3402229,C[C@H]1[C@H](O)CCN1c1ccc(C#N)c2ccccc12,7.619788758,active
CHEMBL227463,CCC1CN(C)c2cc3c(C(F)(F)F)cc(=O)[nH]c3cc2O1,6.173925197,active
CHEMBL1916246,Cc1nnc(C(=O)N[C@H]2C(C)(C)[C@H](Oc3ccc(C#N)c(Cl)c3)C2(C)C)o1,6.522878745,active
CHEMBL396656,N#Cc1ccc(-c2ccccc2C(F)(F)F)cc1C(F)(F)F,6.962573502,active
CHEMBL224263,C[C@@H]1COc2cc3[nH]c(=O)cc(C(F)(F)F)c3cc2N1CC(F)(F)F,6.15490196,active
CHEMBL3590187,CCC(=O)O[C@]1(C(=O)CO)CC[C@H]2[C@@H]3CCC4=CC(=O)CC[C@]4(C)[C@H]3CC[C@@]21C,6.301029996,active
CHEMBL375107,BrCC(Br)C1CCC(Br)C(Br)C1,6.369572125,active
CHEMBL1288323,OC1(C(F)(F)F)CCc2c1[nH]c1c(Cl)cc(Cl)cc21,6.886056648,active
CHEMBL3084689,N#Cc1ccc(N2[C@H]3CC[C@@H]2C[C@H](O)C3)cc1Cl,6.498940738,active
CHEMBL4100251,Cn1c(C#N)ccc1-c1ccc(O)cc1[N+](=O)[O-],6.187086643,active
CHEMBL256977,CCOc1ccc2oc(=O)c3c(ccc4[nH]c(=O)cc(C)c43)c2c1OC,7,active
CHEMBL246341,C[C@]12CC[C@H]3[C@@H](CC=C4[C@H]5CC=C[C@]43CC[C@@H]5O)[C@@H]1CC[C@@H]2O,6.070581074,active
CHEMBL3402232,C[C@H]1[C@@H](C(C)(C)O)CCN1c1ccc(C#N)c2ccccc12,7.853871964,active
CHEMBL3402225,CC(C)[C@H]1CCCN1c1ccc(C#N)c2ccccc12,7.853871964,active
CHEMBL3682511,O[C@]1(C(F)(F)F)CCCc2c1[nH]c1c(Cl)cc(Cl)cc21,6.698970004,active
CHEMBL3402222,C[C@@H]1CCCN1c1ccc(C#N)c2ccccc12,6.698970004,active
CHEMBL3402224,CC[C@H]1CCCN1c1ccc(C#N)c2ccccc12,7.958607315,active
CHEMBL3402227,N#Cc1ccc(N2CCC[C@@H]2C#N)c2ccccc12,8,active
CHEMBL4085514,C[C@@H]1N(c2ccc(C#N)c(Cl)c2)C(=O)C[C@]1(C)O,6.823908741,active
CHEMBL4072533,CC[C@H]1[C@@H](O)CC(=O)N1c1ccc(C#N)c(Cl)c1,7.408935393,active
CHEMBL4087902,CC[C@H]1[C@@H](O)CC(=O)N1c1ccc(C#N)c(Cl)c1C,7.045757491,active
CHEMBL3238293,COc1cc(C#N)ccc1OC[C@](C)(O)C(=O)N1CCc2c(C#N)cccc21,6.793174124,active
CHEMBL4105484,[2H]C([2H])([2H])NC(=O)c1ccc(N2C(=S)N(c3cnc(C#N)c(C(F)(F)F)c3)C(=O)C23CCC3)cc1F,6.812197361,active
CHEMBL3410856,Cc1c(N2C3CCC2CC(C)(O)C3)ccc(C#N)c1Cl,7.675717545,active
CHEMBL3238276,C[C@](O)(COc1ccccc1F)C(=O)N1CCc2c(C#N)cccc21,6.995678626,active
CHEMBL3238277,C[C@](O)(COc1ccc(Cl)cc1)C(=O)N1CCc2c(C#N)cccc21,6.437707136,active
CHEMBL4071751,C[C@H]1[C@@H](O)CC(=O)N1c1ccc(C#N)c(Cl)c1,7.107905397,active
CHEMBL1928877,O=C1COc2ccc(C3=Nn4ccnc4SC3c3ccccc3)cc2N1,6.022276395,active
CHEMBL3706908,O=c1cc(C(F)(F)F)c2cc(NCC(F)(F)C(F)(F)F)ccc2[nH]1,6.769551079,active
CHEMBL3706880,CC(C)Nc1ccc2c(C(F)(F)F)cc(=O)[nH]c2c1,6.251811973,active
CHEMBL435651,CN1c2cc3c(cc2CCC1(C)C)c(C(F)(F)F)cc(=O)n3C,6.721246399,active
CHEMBL3914094,O=C(N[C@H]1CC[C@H](Oc2ccnc3ccccc23)CC1)c1cccc(F)c1,6.494850022,active
CHEMBL3966897,Cc1ccc(C(=O)N[C@H]2CC[C@H](Oc3ccnc4c(C#N)cccc34)CC2)cc1F,6.346787486,active
CHEMBL4062016,Cn1c(C#N)ccc1-c1ccc(O)c(Cl)c1,6.322393047,active
CHEMBL4074555,Cn1c(C#N)ccc1-c1c(Cl)cc(O)cc1Cl,6.542118103,active
CHEMBL3695614,C[C@]12CC[C@@H]3[C@H]4CCC(=O)C=C4C4(CC4)C[C@H]3[C@@H]1CC[C@@]21C=CC(=O)O1,6.431798276,active
CHEMBL4227715,Cc1nn(-c2ccc(C#N)c(C(F)(F)F)c2)c(C)c1Cc1ccc(C(=O)O)cc1,7.853871964,active
CHEMBL3326454,CO[C@@H]1C(c2ccc(C#N)c(Cl)c2C)=NN2CC[C@H](O)[C@@H]12,8.15490196,active
CHEMBL267471,CC[C@H]1Nc2cc3nc(O)cc(C(F)(F)F)c3cc2CC1(CC)CC,6.318758763,active
CHEMBL4067691,CC[C@H]1[C@H](O)CC(=O)N1c1ccc(C#N)c(Cl)c1,7.468521083,active
CHEMBL3658376,C[C@]12CCC3C4CCC(=O)C=C4CCC3C1C1CC1[C@@]21CCC(=O)O1,7.22184875,active
CHEMBL3658378,CCC1CC2=CC(=O)CCC2C2CC[C@@]3(C)C(C4CC4[C@@]34CCC(=O)O4)C12,6.13076828,active
CHEMBL3658380,C[C@]12CCC3C4CCC(=O)C=C4CC(C4CC4)C3C1C1CC1[C@@]21CCC(=O)O1,6.107905397,active
CHEMBL133331,CC1=CC(C)(C)Nc2cc3nc(Cl)cc(C(F)(F)F)c3cc21,6.522878745,active
CHEMBL401458,CC(C)C(O)(c1nc2cc(Cl)c(Cl)cc2[nH]1)C(F)(F)F,7.698970004,active
CHEMBL4548397,CC1(C)CCc2cc3c(cc2N1)NC(F)C=C3C(F)(F)F,6.657577319,active
CHEMBL2159561,N#Cc1ccc(C2=NOC3CCCCCC23)cc1C(F)(F)F,6.360015752,active
CHEMBL293409,CC1CC(C)(C)Nc2ccc3c(c21)COc1ccc([N+](=O)[O-])cc1-3,6.200659451,active
CHEMBL3894825,CC1(C)C(=O)N(c2ccc(C#N)c(C(F)(F)F)c2)C(=S)N1c1ccc(C(=O)OCCCCCC(=O)NO)c(F)c1,6.366531544,active
CHEMBL351022,CC1(C)CNc2cc3nc(O)cc(C(F)(F)F)c3cc21,7,active
CHEMBL405835,CCCNc1ccc2nc(O)cc(C(F)(F)F)c2c1,6.560667306,active
CHEMBL217428,CC(C)Nc1ccc2nc(O)cc(C(F)(F)F)c2c1,6.782516056,active
CHEMBL443970,CCCSc1ccc(C#N)c(OC)c1,6.397940009,active
CHEMBL3706929,O=C(N(CC(F)(F)F)c1ccc2[nH]c(=O)cc(C(F)(F)F)c2c1)C(F)(F)F,7.387216143,active
CHEMBL3623122,CN1CCN(OC(=O)N[C@@H]2C[C@]3(C)O[C@]2(C)[C@@H]2C(=O)N(c4ccc(C#N)c(C(F)(F)F)c4)C(=O)[C@@H]23)CC1,7.22184875,active
CHEMBL3623127,CCS(=O)(=O)N[C@@H]1C[C@]2(C)O[C@]1(C)[C@@H]1C(=O)N(c3ccc(C#N)c(C(F)(F)F)c3)C(=O)[C@@H]12,6.795880017,active
CHEMBL1288958,Oc1c(Br)ccc2c1[nH]c1cc(Cl)c(Cl)cc12,6.468521083,active
CHEMBL3623125,C[C@@]12C[C@@H](NS(=O)(=O)c3ccccc3F)[C@](C)(O1)[C@@H]1C(=O)N(c3ccc(C#N)c(C(F)(F)F)c3)C(=O)[C@@H]12,7,active
CHEMBL2112349,CC(C)(O)C(=O)Nc1ccc([N+](=O)[O-])c(C(F)(F)F)c1O,6.823908741,active
CHEMBL3238288,C[C@](O)(COc1ccc(F)cc1C#N)C(=O)N1CCc2c(C#N)cccc21,7.040958608,active
CHEMBL551269,CN1C(=O)C=C[C@]2(C)[C@H]3CC[C@@]4(C)[C@@H](C/C(=C\c5cncnc5)[C@@H]4O)[C@@H]3CC[C@@H]12,6.229147988,active
CHEMBL403669,CC12CCC(C)(O1)[C@@H]1C(=O)N(c3ccc(C#N)c(C(F)(F)F)c3)C(=O)[C@@H]12,7.15490196,active
CHEMBL216949,CCCCN(CCCC)c1ccc2nc(O)cc(C(F)(F)F)c2c1,6.530177984,active
CHEMBL403219,COc1cccc2c(=O)oc3c(ccc4[nH]c(=O)cc(C(F)(F)F)c43)c12,6.050609993,active
CHEMBL1738889,C[C@](O)(COc1ccc(C#N)cc1)C(=O)Nc1ccc(C#N)c(C(F)(F)F)c1,7.420216403,active
CHEMBL4527176,C[C@](O)(CN1CCc2ccc(F)cc21)C(=O)Nc1ccc(C#N)c(Cl)c1,6.431798276,active
CHEMBL3623116,CC(C)OC(=O)[C@@H]1C[C@]2(C)O[C@]1(C)[C@@H]1C(=O)N(c3ccc(C#N)c(C(F)(F)F)c3)C(=O)[C@@H]12,6.657577319,active
CHEMBL3623121,CC(C)NC(=O)N[C@@H]1C[C@]2(C)O[C@]1(C)[C@@H]1C(=O)N(c3ccc(C#N)c(C(F)(F)F)c3)C(=O)[C@@H]12,6.22184875,active
CHEMBL3402223,CC1(C)CCCN1c1ccc(C#N)c2ccccc12,7.15490196,active
CHEMBL3687970,C[C@]12CC[C@@H]3[C@H]4CCC(=O)C=C4CC[C@H]3[C@@H]1CC[C@@]21C=CCO1,6.585026652,active
CHEMBL3623120,CNS(=O)(=O)N[C@@H]1C[C@]2(C)O[C@]1(C)[C@@H]1C(=O)N(c3ccc(C#N)c(C(F)(F)F)c3)C(=O)[C@@H]12,6.468521083,active
CHEMBL3233071,C[C@](O)(COc1ccc(Cl)cc1Cl)C(=O)N1CCc2c(C#N)cccc21,7.040958608,active
CHEMBL4567476,C[C@](O)(Cn1cc(F)c2ccccc21)C(=O)Nc1ccc(C#N)c(Cl)c1,6.346787486,active
CHEMBL4444904,C[C@](O)(Cn1ccc2cc(F)ccc21)C(=O)Nc1ccc(C#N)c(C(F)(F)F)c1,6.070581074,active
CHEMBL256769,COc1c(C(=O)OC(F)(F)F)ccc2oc(=O)c3c(ccc4[nH]c(=O)cc(C)c43)c12,8.698970004,active
CHEMBL2011371,N#Cc1ccc(-n2c(=O)n(Cc3ccccc3)c3cccnc32)cc1C(F)(F)F,6.217527376,active
CHEMBL403213,CC12CCC(C)(O1)[C@@H]1C(=O)N(c3cnc(C#N)c(Cl)c3)C(=O)[C@@H]12,6.420216403,active
CHEMBL446626,CC12CCC(C)(O1)[C@@H]1C(=O)N(c3ccc(C#N)c4nsnc34)C(=O)[C@@H]12,6.795880017,active
CHEMBL3682514,OC1c2[nH]c3ccc(Cl)c(Cl)c3c2C(C(F)(F)F)CC1F,6.15490196,active
CHEMBL3682515,OC1(C(F)(F)F)CCCc2c1[nH]c1cc(Cl)c(F)cc21,6.698970004,active
CHEMBL202400,C[C@]12CCC3C(CC=C4C[C@@H](O)CC[C@@]43/C=C/F)C1CC[C@@H]2O,6.070581074,active
CHEMBL3695606,C=C[C@@H]1CC2=CC(=O)CC[C@@H]2[C@H]2CC[C@@]3(CC)[C@@H](CC[C@@]34C=CC(=O)O4)[C@H]12,6.301029996,active
CHEMBL282866,CCC1(CC)CCNc2cc3nc(O)cc(C(F)(F)F)c3cc21,6.13667714,active
CHEMBL391795,CC[C@]12CC[C@H](O)CC1=CC[C@H]1[C@@H]3CC[C@H](O)[C@@]3(C)CC[C@@H]12,6.055517328,active
CHEMBL302870,C[C@]1(O)CCC2C3CCC4=CC(=O)CC[C@]4(C)[C@@]3(F)[C@@H](O)C[C@@]21C,Inf,active
CHEMBL286684,Oc1cc(C(F)(F)F)c2cc3c(cc2n1)NCCC3,6.920818754,active
CHEMBL3238280,C[C@](O)(COc1ccc(Br)cc1)C(=O)N1CCc2c(C#N)cccc21,7.619788758,active
CHEMBL62227,CC1=CC(C)(C)Nc2ccc3c(c21)COc1c(F)cc(C#N)cc1-3,6.22184875,active
CHEMBL3658379,C=CC1CC2=CC(=O)CCC2C2CC[C@@]3(C)C(C4CC4[C@@]34CCC(=O)O4)C12,6.259637311,active
CHEMBL3658382,C[C@]12CCC3C4CCC(=O)C=C4C4(CC4)CC3C1C1CC1[C@@]21CCC(=O)O1,6.585026652,active
CHEMBL3695604,CC[C@]12CC[C@@H]3[C@H]4CCC(=O)C=C4C[C@@H](C)[C@H]3[C@@H]1CC[C@@]21C=CC(=O)O1,6.366531544,active
CHEMBL4438211,C[C@](O)(CN1CCc2c(F)cccc21)C(=O)Nc1ccc(C#N)c(C(F)(F)F)c1,6.229147988,active
CHEMBL3695607,CC[C@]12CC[C@@H]3[C@H]4CCC(=O)C=C4C[C@@H](C4CC4)[C@H]3[C@@H]1CC[C@@]21C=CC(=O)O1,6.026872146,active
CHEMBL1163630,O=C(CC(Nc1ccc([N+](=O)[O-])cc1)c1ccco1)c1ccc(Cl)cc1,7.537602002,active
CHEMBL3410852,N#Cc1ccc(N2C3CCC2CC(=O)C3)cc1C(F)(F)F,6.180456064,active
CHEMBL160451,CC1=CC(C)(C)Nc2cc3nc(O)cc(C(F)(F)F)c3cc21,6.552841969,active
CHEMBL281028,CC1(C)CCNc2cc3nc(O)cc(C(F)(F)F)c3cc21,6.795880017,active
CHEMBL403668,CC12CCC(C)(O1)[C@@H]1C(=O)N(c3ccc(C#N)c(I)c3)C(=O)[C@@H]12,7.15490196,active
CHEMBL292284,CC(=O)C[C@]1(C(C)=O)CC[C@H]2C3C[C@H](C)C4=CC(=O)CC[C@]4(C)[C@H]3CC[C@@]21C,7.214670165,active
CHEMBL4095883,Cn1c(C#N)ccc1-c1ccc(O)cc1F,7.494850022,active
CHEMBL4061510,Cn1c(C#N)ccc1-c1ccc(O)c2c1CCC2,7.091514981,active
CHEMBL3706876,Nc1ccc2c(C(F)(F)F)cc(=O)[nH]c2c1,6.552841969,active
CHEMBL349631,C[C@H]1N(C)c2cc3c(cc2C1(C)C)c(C(F)(F)F)cc(=O)n3C,6.251811973,active
CHEMBL4065842,Cc1cc(-c2ccc(C#N)n2C)ccc1O,7.537602002,active
CHEMBL3238286,C[C@](O)(COc1ccccc1C(F)(F)F)C(=O)N1CCc2c(C#N)cccc21,6.215382707,active
CHEMBL3695602,CC[C@]12CC[C@@H]3[C@H]4CCC(=O)C=C4CC[C@H]3[C@@H]1CC[C@@]21C=CC(=O)O1,6.552841969,active
CHEMBL4746345,C[C@](O)(Cn1cc(Br)c(F)n1)C(=O)Nc1ccc(C#N)c(C(F)(F)F)c1,6.075720714,active
CHEMBL163143,CN1c2cc3c(cc2[C@@]2(C)CCCC[C@@H]12)c(C(F)(F)F)cc(=O)n3C,6.27572413,active
CHEMBL62761,CC1=CC(C)(C)Nc2ccc3c(c21)COc1c(F)cc(Br)cc1-3,6.045757491,active
CHEMBL257668,CC12CCC(C)(O1)[C@@H]1C(=O)N(c3cc(Cl)cc(Cl)c3)C(=O)[C@@H]12,6.795880017,active
CHEMBL4092535,Cc1c(N2CC[C@](C)(O)[C@@H]2C)ccc(C#N)c1F,8,active
CHEMBL4068946,C[C@@H]1N(c2ccc(C#N)c(Cl)c2)CC[C@]1(C)O,8.494850022,active
CHEMBL3966165,CC1(C)C(=O)N(c2ccc(C#N)c(C(F)(F)F)c2)C(=S)N1c1ccc(C(=O)NCCOCCC(=O)NO)c(F)c1,6.107905397,active
CHEMBL404568,COC[C@H]1COc2cc3[nH]c(=O)cc(C(F)(F)F)c3cc2N1CC(F)(F)F,6.769551079,active
CHEMBL2177238,CN1C(=O)N(c2ccc(C#N)c(C(F)(F)F)c2)C(=O)[C@@]1(C)c1ccc(O)cc1,7.017728767,active
CHEMBL3706877,CNc1ccc2c(C(F)(F)F)cc(=O)[nH]c2c1,6.522878745,active
CHEMBL3706907,O=c1cc(C(F)(F)F)c2cc(NCC(F)(F)F)ccc2[nH]1,6.744727495,active
CHEMBL3706889,O=c1cc(C(F)(F)F)c2ccc(NCC(F)(F)C(F)(F)F)cc2[nH]1,6.236572006,active
CHEMBL347910,Cc1c2c(cc3c(C(F)(F)F)cc(O)nc13)C(C)CC(C)(C)N2,6.657577319,active
CHEMBL4225186,Cc1c(C#N)c(-c2ccc(C#N)cc2)c(C)n1Cc1ccc(C(=O)NCCOCCOCCOCCNC(=O)[C@H](CC(C)C)NC(=O)[C@@H](O)[C@H](N)Cc2ccccc2)cc1,6.568636236,active
CHEMBL4554646,C[C@](O)(Cn1ccc2ccc([N+](=O)[O-])cc21)C(=O)Nc1ccc(C#N)c(C(F)(F)F)c1,6.236572006,active
CHEMBL4446471,C[C@](O)(Cn1ccc2ccccc21)C(=O)Nc1ccc(C#N)c(C(F)(F)F)c1,6.193820026,active
CHEMBL4059588,CC[C@H]1[C@@H](O)CC(=O)N1c1ccc(C#N)c(OC)c1,7.036212173,active
CHEMBL4074501,C[C@@H]1C(=O)N(c2ccc(C#N)c(Cl)c2)[C@@H](C)[C@H]1O,7.886056648,active
CHEMBL3402228,C[C@H]1[C@@H](O)CCN1c1ccc(C#N)c2ccccc12,7.657577319,active
CHEMBL3921315,CNC(=O)[C@@]12[C@@H]3CC[C@@H](C3)[C@@H]1CN(c1ccc(C#N)c(C(F)(F)F)c1)S2(=O)=O,6.356547324,active
CHEMBL3949176,C[C@@]12[C@H]3C[C@H](C[C@@H]3F)[C@@H]1CN(c1ccc(C#N)c(C(F)(F)F)c1)S2(=O)=O,6.040958608,active
CHEMBL3930760,Cc1cc(C(=O)N[C@H]2CC[C@H](Oc3ccnc4c(C#N)cccc34)CC2)no1,6.744727495,active
CHEMBL335316,CC1(C)CCc2cc3c(C(F)(F)F)cc(C#N)nc3cc2N1,7.045757491,active
CHEMBL4072730,Cc1c(O)ccc(-c2ccc(C#N)n2C)c1C,7.30980392,active
CHEMBL4781335,C[C@](O)(Cn1cc(F)cn1)C(=O)Nc1cnc(C#N)c(C(F)(F)F)c1,6.200659451,active
CHEMBL3895477,[C-]#[N+]c1ccc(N2C(=O)C3(CCC3)N(c3ccc(CCCC(=O)NC)cc3)C2=S)cc1C(F)(F)F,6.036212173,active
CHEMBL3902310,CNC(=O)[C@@]12[C@H]3C[C@H](C[C@@H]3F)[C@@H]1CN(c1ccc(C#N)c(C(F)(F)F)c1)S2(=O)=O,6.244125144,active
CHEMBL4079377,Cc1cc(O)ccc1-c1ccc(C#N)n1C,7.431798276,active
CHEMBL7289,CC1(C)CCc2cc3c(C(F)(F)F)cc(=O)oc3cc2N1,8,active
CHEMBL6843,CCC1CCNc2cc3oc(=O)cc(C(F)(F)F)c3cc21,8,active
CHEMBL4090028,Cc1c(N2CC[C@H](O)[C@@H]2C)ccc(C#N)c1Cl,8.142667504,active
CHEMBL3967143,Cc1cc(C(=O)N[C@H]2CC[C@H](Oc3ccnc4c(Br)cccc34)CC2)no1,6.698970004,active
CHEMBL4845915,Fc1cc(F)c2[nH]cc(-c3ccc4ccccc4n3)c2c1,6.522878745,active
CHEMBL3421892,Cc1noc(=O)c2ccc(NC(=O)C(O)(CC3(c4cc(F)ccc4Cl)CCC3)C(F)(F)F)cc12,6.397940009,active
CHEMBL4060271,Cc1c(N2CC[C@](C)(O)[C@@H]2C)ccc(C#N)c1Cl,8.698970004,active
CHEMBL218490,CCN[C@H]1C[C@H](C)S(=O)(=O)c2sc(S(N)(=O)=O)cc21,6.187086643,active
CHEMBL4751646,C[C@](O)(Cn1cc(C(F)(F)F)cn1)C(=O)Nc1ccc(C#N)c(C(F)(F)F)c1,6.148741651,active
CHEMBL4752689,N#Cc1ccc(N2C(=O)C3(CCCC3)N(c3ccc4c(c3)COC4=O)C2=S)cc1C(F)(F)F,6.093126465,active
CHEMBL4297185,CC(O)c1cc(C(=O)N[C@@H](C)Cn2ccc(-c3ccc(C#N)c(Cl)c3)n2)n[nH]1,6.585026652,active
CHEMBL4103641,CCc1cc(-c2ccc(C#N)n2C)ccc1O,7.148741651,active
CHEMBL4088572,Cn1c(-c2ccc(O)cc2)cc(C(F)(F)F)c1C#N,6.954677021,active
CHEMBL3623118,C[C@@]12C[C@@H](N)[C@](C)(O1)[C@@H]1C(=O)N(c3ccc(C#N)c(C(F)(F)F)c3)C(=O)[C@@H]12,6.22184875,active
CHEMBL4778795,C[C@](O)(Cn1cc(C#N)cn1)C(=O)Nc1cnc(C#N)c(C(F)(F)F)c1,6.229147988,active
CHEMBL3238292,C[C@](O)(COc1ccc(C#N)cc1F)C(=O)N1CCc2c(C#N)cccc21,7.494850022,active
CHEMBL3904554,O=C(N[C@H]1CC[C@H](Oc2ccnc3c(Br)cccc23)CC1)c1cccc(F)c1,6.031517051,active
CHEMBL4849023,O=C(NCC(F)F)c1cccc2nc(-c3c[nH]c4c(F)c(F)c(F)cc34)ccc12,6.397940009,active
CHEMBL4100995,CC[C@H]1[C@@H](O)[C@H](C)C(=O)N1c1ccc(C#N)c(Cl)c1,7.744727495,active
CHEMBL3695612,CC[C@]12CC[C@@H]3[C@H]4CCC(=O)C=C4C4(CC4)C[C@H]3[C@@H]1CC[C@@]21C=CC(=O)O1,6.37675071,active
CHEMBL4088158,Cn1c(C#N)ccc1-c1ccc(O)cc1Cl,7.853871964,active
CHEMBL4068562,Cn1c(C#N)ccc1-c1ccc(O)c(F)c1,6.229147988,active
CHEMBL3682510,O[C@]1(C(F)(F)F)CCCc2c1[nH]c1cc(Cl)c(Cl)cc21,6.886056648,active
CHEMBL3695605,CC[C@@H]1CC2=CC(=O)CC[C@@H]2[C@H]2CC[C@@]3(CC)[C@@H](CC[C@@]34C=CC(=O)O4)[C@@H]21,6.119186408,active
CHEMBL4063939,C[C@H]1[C@@H](O)C(F)(F)C(=O)N1c1ccc(C#N)c(Cl)c1,7.958607315,active
CHEMBL4083012,N#CC[C@H]1[C@@H](O)CC(=O)N1c1ccc(C#N)c(Cl)c1,6.853871964,active
CHEMBL4850746,CNC(=O)c1cc2c(cc1F)CC1(C2)C(=O)N(c2ccc(C#N)c(C(F)(F)F)c2)C(=S)N1C(C)C,6.031517051,active
CHEMBL4534324,CC#C[C@]1(O)CC[C@H]2[C@@H]3CCC4=CC(=O)CC[C@]4(C)[C@H]3[C@@H](OCc3ccc(Cl)cc3)C[C@@]21C,6.070581074,active
CHEMBL4872533,O=C(NC1CC1)c1cccc2nc(-c3c[nH]c4c(F)c(F)c(F)cc34)ccc12,6.15490196,active
CHEMBL415289,CC1CCNc2cc3oc(=O)cc(C(F)(F)F)c3cc21,8,active
CHEMBL3402233,COC(=O)[C@H]1CCN(c2ccc(C#N)c3ccccc23)[C@H]1C,7.124938737,active
CHEMBL160230,CCC1(C)CCc2cc3c(C(F)(F)F)cc(=O)n(C)c3cc2N1C,6.619788758,active
CHEMBL4073399,Cn1c(C#N)ccc1-c1ccc(O)cc1C(F)(F)F,6.829738285,active
CHEMBL4521365,C[C@](O)(CN1CCc2cc(F)c(F)cc21)C(=O)Nc1ccc(C#N)c(Cl)c1,6.494850022,active
CHEMBL4794467,C[C@](O)(Cn1cc(Br)c(F)n1)C(=O)Nc1cnc(C#N)c(C(F)(F)F)c1,6.455931956,active
CHEMBL4776248,C[C@](O)(Cn1cc(C#N)cn1)C(=O)Nc1ccc(C#N)c(C(F)(F)F)c1,6.346787486,active
CHEMBL4847082,Fc1cc2c(-c3ccc4c(-c5cncs5)cccc4n3)c[nH]c2c(F)c1F,6.15490196,active
CHEMBL4856070,Fc1ccc2c(-c3ccc4ccccc4n3)c[nH]c2c1Cl,6.522878745,active
CHEMBL3682524,OC1(C(F)(F)F)CCCc2c1[nH]c1c(F)cc(Cl)cc21,6.26760624,active
CHEMBL3658377,CC1CC2=CC(=O)CCC2C2CC[C@@]3(C)C(C4CC4[C@@]34CCC(=O)O4)C12,6.214670165,active
CHEMBL4754309,N#Cc1ncc(N2C(=O)C3(CCCCC3)N(c3ccc4c(c3)COC4=O)C2=S)cc1C(F)(F)F,6.030118356,active
CHEMBL4870389,Cc1cccc2c(-c3ccc4ccccc4n3)c[nH]c12,6.22184875,active
CHEMBL4104046,Cn1c(C#N)ccc1-c1c(F)cc(O)cc1C#N,6.171340103,active
CHEMBL4087256,Cn1c(C#N)ccc1-c1ccc(O)cc1,7.200659451,active
CHEMBL4436972,C[C@](O)(CN1CCc2ccc(F)cc21)C(=O)Nc1ccc(C#N)c(C(F)(F)F)c1,6.408935393,active
CHEMBL4590504,C[C@](O)(Cn1ccc2ccc(F)cc21)C(=O)Nc1ccc(C#N)c(Cl)c1,6.004364805,active
CHEMBL4474118,C[C@](O)(Cn1ccc2cc(F)ccc21)C(=O)Nc1ccc(C#N)c(Cl)c1,6.026872146,active
CHEMBL4474096,C[C@](O)(Cn1ccc2ccc(F)cc21)C(=O)Nc1ccc(C#N)c(C(F)(F)F)c1,6.070581074,active
CHEMBL4077666,C[C@H]1[C@@H](O)C(C)(C)C(=O)N1c1ccc(C#N)c(Cl)c1,6.853871964,active
CHEMBL4069026,Cn1c(C#N)ccc1-c1ccc(O)c(F)c1F,6.434152181,active
CHEMBL570898,N#Cc1ccc(N2CCCC2)c2ccccc12,7.602059991,active
CHEMBL4091403,Cn1c(C#N)ccc1-c1cc(F)c(O)cc1F,6.066512712,active
CHEMBL4066319,Cn1c(C#N)ccc1-c1ccc(O)cc1C#N,7.167491087,active
CHEMBL4100278,Cc1c(N2C(=O)C[C@H](O)[C@@H]2C)ccc(C#N)c1Cl,6.958607315,active
CHEMBL4852876,Fc1cc2c(-c3ccc4ccccc4n3)c[nH]c2c(F)c1F,6.045757491,active
CHEMBL4753877,C[C@](O)(Cn1cc([N+](=O)[O-])cn1)C(=O)Nc1ccc(C#N)c(C(F)(F)F)c1,6.443697499,active
CHEMBL4746653,N#Cc1ncc(N2C(=O)C3(CCCC3)N(c3ccc4c(c3)COC4=O)C2=S)cc1C(F)(F)F,6.195179321,active
CHEMBL4794639,N#Cc1ccc(N2C(=O)C3(CCCCC3)N(c3ccc4c(c3)COC4=O)C2=S)cc1C(F)(F)F,6.021363052,active
CHEMBL238340,COCCOCCOc1ccccc1-c1ccc(C#N)c(C(F)(F)F)c1,4.089375595,inactive
CHEMBL398840,C=C[C@]12CCC(c3ccccc3)=CC1=CC[C@@H]1[C@@H]2CC[C@]2(C)[C@@H](O)CC[C@@H]12,4.500312917,inactive
CHEMBL65221,CS(=O)(=O)Nc1ccc2c(c1)C(c1ccccc1)Oc1cccc(OC(F)F)c1-2,4.059135024,inactive
CHEMBL1084013,COc1cccc(S(=O)(=O)Nc2ccc(-c3ccc4c(cnn4-c4ccc(F)cc4)c3)c(C(F)(F)F)c2)c1,4.499999679,inactive
CHEMBL1099083,COC(=O)C1=C(C)NC(C)=C(C(=O)OC(C)(C)C)[C@@H]1c1cccc([N+](=O)[O-])c1,4.896196279,inactive
CHEMBL1254922,C[C@]12CC[C@H]3[C@@H](CC=C4C[C@@H](O)CC[C@@]43C)[C@@H]1CC[C@@H]2[C@@]1(C)CC=CC(=O)N1,4.698970004,inactive
CHEMBL240331,O=C(CSc1nc(O)c2ccccc2n1)c1ccc(O)c(O)c1,3.301029996,inactive
CHEMBL121626,Cc1c(Cl)cccc1Nc1ccccc1C(=O)O,3.327902142,inactive
CHEMBL2346975,CC(=O)N1CCN(CCOc2ccc(C3(O)CCN(c4ccc5nnc(C(F)(F)F)n5n4)CC3)cc2)CC1,4.979999398,inactive
CHEMBL2346968,Fc1ccc(CN2CCN(c3ccc4nnc(C(F)(F)F)n4n3)CC2)cc1,4.800000875,inactive
CHEMBL102403,CC1=CC(C)(C)Nc2ccc3c(c21)C(c1ccc(C)cc1)Oc1ccccc1-3,4.906928694,inactive
CHEMBL400098,C[C@@H](c1ccccc1)N(C)c1cc(C(F)(F)F)c(C#N)cn1,4.769551079,inactive
CHEMBL2159732,O=[N+]([O-])c1ccc(C2=NO[C@H]3CCC[C@@H]23)cc1C(F)(F)F,4.599999383,inactive
CHEMBL266491,COCCOc1ccccc1-c1ccc(C#N)c(C(F)(F)F)c1,4.651695137,inactive
CHEMBL275638,O=c1cc(-c2ccccc2)oc2ccccc12,4.229147988,inactive
CHEMBL132193,CC1=CC(C)(C)Nc2ccc(-c3ccc(C#N)s3)cc21,4.954677021,inactive
CHEMBL255157,O=C1[C@@H]2C3CCC(O3)[C@@H]2C(=O)N1c1cccc(C(F)(F)F)c1,3.93930216,inactive
CHEMBL427721,N#Cc1ccc(N2C(=O)[C@@H]3C4CCC(O4)[C@@H]3C2=O)cc1C(F)(F)F,4.543633967,inactive
CHEMBL16685,COc1cccc2oc(-c3ccccc3)cc(=O)c12,4.060480747,inactive
CHEMBL2397336,CCS(=O)(=O)Nc1cccc(-c2cc(=O)n(-c3ccc(F)c(Cl)c3)nc2C)c1,4.294992041,inactive
CHEMBL2397334,CCS(=O)(=O)Nc1cccc(-c2cc(=O)n(-c3ccc(Cl)c(Cl)c3)nc2C)c1,4.576754126,inactive
CHEMBL1928872,O=C1COc2ccc(C3=Nn4cnnc4SC3c3ccccc3)cc2N1,4.443697499,inactive
CHEMBL2316567,CCn1c(SCCOc2cccc(C)c2)nc2ccccc21,3.455931956,inactive
CHEMBL2316566,COC(=O)Cn1c(SCCOc2ccc(C)cc2)nc2ccccc21,3.482804102,inactive
CHEMBL2316562,CCOC(=O)Cn1c(SCCOc2cccc(C)c2)nc2ccccc21,3.850780887,inactive
CHEMBL2334344,CC[Si](CC)(c1ccc(OC[C@H](O)CO)c(C)c1)c1ccc(OC[C@H](O)C(C)(C)C)c(C)c1,4.173925197,inactive
CHEMBL2334342,CC[Si](CC)(c1ccc(OC[C@@H](O)CO)c(C)c1)c1ccc(OC[C@H](O)C(C)(C)C)c(C)c1,4.236572006,inactive
CHEMBL28,O=c1cc(-c2ccc(O)cc2)oc2cc(O)cc(O)c12,4.283996656,inactive
CHEMBL52,CC(Cc1ccc(O)c(O)c1)C(C)Cc1ccc(O)c(O)c1,3.411168274,inactive
CHEMBL3785926,Cc1cc(=O)oc2cc(OCC(=O)C(C)(C)C)ccc12,4.424812155,inactive
CHEMBL1253831,C[C@@]1([C@H]2CC[C@H]3[C@@H]4CC=C5C[C@@H](O)CC[C@]5(C)[C@H]4CC[C@@]32C)CC=CC(=O)N1,4.522878745,inactive
CHEMBL1082780,O=S(=O)(Nc1ccc(-c2ccc3c(cnn3-c3ccc(F)cc3)c2)c(C(F)(F)F)c1)c1ccsc1,4.599999383,inactive
CHEMBL2403356,CCCC(CCC)(c1ccc(O)c(C)c1)c1ccc(O)c(C)c1,3.602059991,inactive
CHEMBL245575,C[C@]12CC[C@H]3[C@@H](CC=C4[C@H]5CC[C@]43CC[C@H]5O)[C@@H]1CC[C@@H]2O,4.950781977,inactive
CHEMBL482063,O=C(c1ccc(N(Cc2ccccc2)c2ccc([N+](=O)[O-])cc2)cc1)N1CCCC1,4.431798276,inactive
CHEMBL519292,Cn1cc(N(Cc2ccccc2)c2ccc([N+](=O)[O-])cc2)cc1C(=O)N1C[C@H](O)[C@@H](O)C1,3.863279433,inactive
CHEMBL516752,Cc1cc(C)cc(N(c2cc(C(=O)N3CCCC3)n(C)c2)C(C)C)c1,4,inactive
CHEMBL274318,O=C1CC(c2ccccc2)Oc2ccccc21,3.698970004,inactive
CHEMBL476292,COc1ccc2c(c1)C(=O)CC(c1ccccc1)O2,3.403402904,inactive
CHEMBL470841,N#Cc1ccc(Oc2cccc(Cl)c2)cc1C(F)(F)F,4.565431096,inactive
CHEMBL2159550,Fc1ccc(C2=NOC3CCCCCCC23)c(C(F)(F)F)c1,3.879999914,inactive
CHEMBL480959,COC(=O)c1ccc(N(Cc2ccccc2)c2cc(C(=O)N3CCCC3)n(C)c2)cc1,4.214670165,inactive
CHEMBL481924,Cn1cc(N(Cc2ccccc2)c2ccc([N+](=O)[O-])c(C(F)(F)F)c2)cc1C(=O)N1CCCC1,4.602059991,inactive
CHEMBL437065,C#C[C@]12CC[C@H](O)CC1=CCC1C2CC[C@@]2(C)C1CC[C@@H]2O,4.754240644,inactive
CHEMBL2316535,c1ccc(CCCSc2nc3ccccc3[nH]2)cc1,3.920818754,inactive
CHEMBL235601,Cc1cccc(-c2ccc(C#N)c(C(F)(F)F)c2)c1,4.721246399,inactive
CHEMBL251515,C=C[C@]12CC[C@@](C)(O)CC1=CC[C@@H]1[C@@H]2CC[C@]2(C)[C@@H](O)CC[C@@H]12,4.583359493,inactive
CHEMBL3787517,Cc1cc(=O)oc2cc(OC(C)C(=O)c3ccccc3)ccc12,4.293282218,inactive
CHEMBL482064,O=C(c1cccc(N(Cc2ccccc2)c2ccc([N+](=O)[O-])cc2)c1)N1CCCC1,4.30980392,inactive
CHEMBL480183,Cc1cc(C)cc(N(C)c2cc(C(=O)N3CCCC3)n(C)c2)c1,3.585026652,inactive
CHEMBL458506,N#Cc1ccc([C@@H]2CCCC[C@@H]2O)cc1C(F)(F)F,4.796151536,inactive
CHEMBL248878,C[C@@H](Nc1cc(C(F)(F)F)c(C#N)cn1)c1ccccc1,4.307505592,inactive
CHEMBL3263754,COc1nc(C2=NN(c3ccc(C#N)c(C)n3)[C@@H](C3CCCC3)C2)ccc1C(=O)O,4.043351421,inactive
CHEMBL3263760,COc1nc(C2=NN(c3ccc(C#N)c(C)c3)[C@@H](C3CCCC3)C2)ccc1C(N)=O,4.488116639,inactive
CHEMBL2334343,CC[Si](CC)(c1ccc(OC[C@@H](O)CO)c(C)c1)c1ccc(OC[C@@H](O)C(C)(C)C)c(C)c1,4.080921908,inactive
CHEMBL160923,CC1=CC(C)(C)Nc2c1cc1c(C(F)(F)F)cc(=O)n(C)c1c2C,4.617442678,inactive
CHEMBL133656,CC1=CC(C)(C)Nc2ccc(-c3ccc([N+](=O)[O-])s3)cc21,4.835647144,inactive
CHEMBL3410854,CS(=O)(=O)NC1C[C@@H]2CC[C@@H](C1)N2c1ccc(C#N)c(C(F)(F)F)c1,4.576754126,inactive
CHEMBL1830787,CCOC(=O)CN1CC(C)(C)C(Oc2ccc(C#N)c(C(F)(F)F)c2)C1=O,4.453457337,inactive
CHEMBL3262347,CC(C)(O)c1cn(-c2ccc([N+](=O)[O-])c(C(F)(F)F)c2)nn1,3.346787486,inactive
CHEMBL2316545,NS(=O)(=O)c1ccc(OCCSc2nc3ccccc3[nH]2)cc1,3.207608311,inactive
CHEMBL134117,COc1ccc(CNc2cc(C(F)(F)F)c3cc4c(cc3n2)NC(C)(C)CC4)cc1,4.492548939,inactive
CHEMBL481107,Cn1cc(N(Cc2ccc(F)cc2)c2ccc([N+](=O)[O-])cc2)cc1C(=O)N1CCCC1,4.397940009,inactive
CHEMBL481515,Cc1cc(C)cc(N(Cc2ccc(O)cc2)c2cc(C(=O)N3CCCC3)n(C)c2)c1,4.180456064,inactive
CHEMBL462234,Cc1cc(C)c(Sc2ccc(C#N)c(C(F)(F)F)c2)c(C)c1,4.872895202,inactive
CHEMBL2316565,Cc1ccc(OCCSc2nc3ccccc3n2CC(=O)OC(C)C)cc1C,3.514278574,inactive
CHEMBL2316564,COCCn1c(SCCOc2cccc(C)c2)nc2ccccc21,3.617982957,inactive
CHEMBL1782494,C[C@](O)(CS(=O)(=O)c1cccc2ccccc12)C(=O)Nc1ccc(C#N)c(C(F)(F)F)c1,4.522878745,inactive
CHEMBL1782496,C[C@](O)(CS(=O)(=O)c1ccccc1-c1ccccc1)C(=O)Nc1ccc(C#N)c(C(F)(F)F)c1,4.522878745,inactive
CHEMBL66761,O=c1[nH]nc(Cc2ccccc2)c2ccccc12,4.270025714,inactive
CHEMBL294009,O=c1c(O)c(-c2ccccc2)oc2ccccc12,3.628932138,inactive
CHEMBL1928875,O=C1COc2ccc(C3=Nn4cnnc4SC3c3cccc(F)c3)cc2N1,4.327902142,inactive
CHEMBL1085381,CC(C)CNS(=O)(=O)c1ccc(-c2ccc3c(cnn3-c3ccc(F)cc3)c2)c(C(F)(F)F)c1,4.200000237,inactive
CHEMBL1782495,C[C@](O)(CS(=O)(=O)c1ccccc1Cc1ccccc1)C(=O)Nc1ccc(C#N)c(C(F)(F)F)c1,4.522878745,inactive
CHEMBL271925,O=C1[C@@H]2C3CCC(O3)[C@@H]2C(=O)N1c1ccc(Cl)c(C(F)(F)F)c1,4.480172006,inactive
CHEMBL2297673,O=C(/C=C/c1ccccc1O)c1cc(Cl)ccc1O,4.427128398,inactive
CHEMBL2403348,CCC(CC)(c1ccc(N)c(C)c1)c1ccc(O)c(C)c1,4.26760624,inactive
CHEMBL2403355,CCC(CC)(c1ccc(O)c(C)c1)c1ccc(O)c(C)c1,4.346787486,inactive
CHEMBL131681,CC1(C)Nc2ccc(-c3csc(C#N)c3)cc2C(C)(C)C1=O,4.958607315,inactive
CHEMBL1957619,Cc1nn(-c2ccc(C#N)c(Cl)c2)c(C)c1Cc1ccccc1C(N)=O,4.37675071,inactive
CHEMBL185880,O=C1[C@H]2[C@H]3CC[C@H](C3)N2C(=O)N1c1ccc([N+](=O)[O-])c2ccccc12,4.886056648,inactive
CHEMBL365650,O=C1[C@H]2[C@@H]3C[C@@H](CN3C(=O)c3ccccc3)N2C(=O)N1c1ccc([N+](=O)[O-])cc1,4.595166283,inactive
CHEMBL336353,CC1=CC(C)(C)Nc2ccc3c(c21)/C(=C/c1ccccc1N(C)C)Oc1ccc(F)cc1-3,4.823908741,inactive
CHEMBL41632,O=C(O)Cc1cc(I)c(Oc2ccc(O)c(I)c2)c(I)c1,3.458420756,inactive
CHEMBL363151,CC#C[C@]1(O)CC[C@H]2[C@@H]3CCC4=CC(=O)CC[C@]4(Cc4ccc(C)cc4)C3=CC[C@@]21C,4.187086643,inactive
CHEMBL462663,COc1cc(SCCC(C)C)ccc1C#N,4.761953897,inactive
CHEMBL276621,CCCCNC(=O)CCCCCCCC1C[C@H]2CC(=O)CC[C@]2(C)[C@H]2CC[C@]3(C)[C@@H](O)CC[C@H]3[C@H]12,4.200659451,inactive
CHEMBL3410855,CCS(=O)(=O)NC1C[C@@H]2CC[C@@H](C1)N2c1ccc(C#N)c(C(F)(F)F)c1,4.690369833,inactive
CHEMBL2407647,COc1cc(CNC(=O)[C@@]2(Cc3ccccc3)OC(=O)N([C@@H]3CCc4ccccc43)C2=O)cc(OC)c1,3.920818754,inactive
CHEMBL4520679,C[C@](O)(Cn1ccc2c(F)c(-c3ccccc3)ccc21)C(=O)Nc1ccc(C#N)c(C(F)(F)F)c1,4.993533958,inactive
CHEMBL150,O=c1c(O)c(-c2ccc(O)cc2)oc2cc(O)cc(O)c12,4.013228266,inactive
CHEMBL1215552,COC(=O)C1=C(Cn2ccnc2)NC(C)=C(C#N)C1c1ccc(F)cc1Cl,4.408935393,inactive
CHEMBL1098174,COc1cc(N2C(=O)C(C)(C)N(CCCS(N)(=O)=O)C2=S)ccc1C#N,4.721246399,inactive
CHEMBL224278,C[C@]12CCC(=O)CC1C[C@@H](CCCCCCCCCCCCC[S+]([O-])CCCC(F)(F)C(F)(F)F)[C@@H]1[C@@H]2CC[C@]2(C)[C@@H](O)CC[C@@H]12,4,inactive
CHEMBL2346972,Fc1ccc(CN2CCN(C3=Nn4c(nnc4C(F)(F)F)CC3)CC2)cc1,4.229999746,inactive
CHEMBL2346971,OC1(c2cccnc2)CCN(c2ccc3nnc(C(F)(F)F)n3n2)CC1,3.970000124,inactive
CHEMBL237971,C[C@]1(O)CC[C@H]2[C@H]3[C@H](CC[C@@]21C)[C@@]1(C)CCC(=O)C=C1C[C@H]3CCCc1cccc(OCCCC(=O)O)c1,4.236572006,inactive
CHEMBL2403350,CCCC[Si](CCCC)(c1ccc(O)c(C)c1)c1ccc(O)c(C)c1,4.086186148,inactive
CHEMBL2403349,CC[Si](CC)(c1ccc(O)c(C)c1)c1ccc(O)c(C)c1,4.721246399,inactive
CHEMBL1210840,CN1C(=O)[C@@]2(C)O[C@@](C)(C1=O)[C@@H]1C(=O)N(c3ccc(C#N)c(C(F)(F)F)c3)C(=O)[C@@H]12,4.668775219,inactive
CHEMBL1084360,CS(=O)(=O)Nc1ccc(-c2ccc3c(cnn3-c3ccc(F)cc3)c2)c(C(F)(F)F)c1,4.300000202,inactive
CHEMBL1083783,O=S(=O)(Nc1ccc(-c2ccc3c(cnn3-c3ccc(F)cc3)c2)c(C(F)(F)F)c1)c1ccccc1,4.200000237,inactive
CHEMBL2386406,N#Cc1ccc(-c2cc(=O)c3c(F)cccc3o2)cc1,4.920001602,inactive
CHEMBL160257,C[C@@H]1c2cc3c(C(F)(F)F)cc(O)nc3cc2NC(C)(C)[C@H]1C,4.152303979,inactive
CHEMBL437214,Cc1ccc(N2C(=O)[C@@H]3C4CCC(O4)[C@@H]3C2=O)cc1Cl,4.640164518,inactive
CHEMBL4080698,N#CCn1c(C#N)ccc1-c1ccc(O)cc1F,4.219538667,inactive
CHEMBL2316543,Clc1cccc(OCCSc2nc3ccccc3[nH]2)c1,4.301029996,inactive
CHEMBL2159564,Fc1ccc(C2=NOC3CCCC23)cc1C(F)(F)F,4.829999527,inactive
CHEMBL2181926,CCOC(=O)C1=C(C)NC(C)=C(C(C)=O)[C@H]1c1cccc2c(=O)cc(C)oc12,4.35261703,inactive
CHEMBL302362,CC1=CC(C)(C)Nc2ccc3c(c21)/C(=C/c1ccccc1C)Oc1ccccc1-3,4.973875483,inactive
CHEMBL3263764,CNC(=O)c1ccc(C2=NN(c3ccc(C#N)c(C)n3)[C@@H](C3CCCC3)C2)nc1OC,4.069560405,inactive
CHEMBL3323503,Cc1sc(N2CCOCC2)nc1-c1ccccc1,4.835647144,inactive
CHEMBL3323499,c1cc(-c2csc(N3CCOCC3)n2)ccn1,4.53165267,inactive
CHEMBL3323480,OCc1sc(N2CCOCC2)nc1-c1ccccc1,4.297569464,inactive
CHEMBL65079,CC1=CC(C)(C)Nc2ccc3c(c21)COc1ccc(F)cc1-3,4.903785415,inactive
CHEMBL2386401,CSc1ccc(-c2cc(=O)c3c(O)cccc3o2)cc1,4.969999718,inactive
CHEMBL2159572,Fc1ccc(C2=NOC3CCCCC23)cc1C(F)(F)F,4.959999286,inactive
CHEMBL2346969,Fc1cccc(CN2CCN(c3ccc4nnc(C(F)(F)F)n4n3)CC2)c1F,4.679999196,inactive
CHEMBL1085853,CCNS(=O)(=O)c1ccc(-c2ccc3c(cnn3-c3ccc(F)cc3)c2)c(C(F)(F)F)c1,4.499999679,inactive
CHEMBL2397333,CCS(=O)(=O)Nc1cccc(-c2cc(=O)n(-c3ccc(C#N)cc3)nc2C)c1,4.203425667,inactive
CHEMBL4642187,CCc1ccccc1NC(=O)c1cc2cccc(O)c2oc1=N,4.091514981,inactive
CHEMBL4634960,N=c1oc2c(O)cccc2cc1C(=O)Nc1cccc(F)c1,4.48148606,inactive
CHEMBL4174074,CC(C)c1ccc2c(c1)C(=O)C[C@H]1[C@@](C)(CNC(=O)c3ccccc3)CCC[C@]21C,3.076755981,inactive
CHEMBL271924,O=C1[C@@H]2C3CCC(O3)[C@@H]2C(=O)N1c1ccc(Cl)c([N+](=O)[O-])c1,4.93930216,inactive
CHEMBL589158,Cc1cccc(SCc2cc(=O)oc3cc(O)ccc23)n1,3.301029996,inactive
CHEMBL519112,Cn1cc(N(Cc2ccccc2)c2ccc([N+](=O)[O-])cc2)cc1C(=O)O,4.207608311,inactive
CHEMBL133329,CC1(C)CCc2cc3c(C(F)(F)F)cc(N)nc3cc2N1,4.935916564,inactive
CHEMBL286595,CC1=CC(C)(C)Nc2ccc3c(c21)C(c1ccc(Cl)cc1)Oc1ccccc1-3,4.809668302,inactive
CHEMBL103092,CC1=CC(C)(C)Nc2ccc3c(c21)C(c1ccc(C)c(F)c1)Oc1ccccc1-3,4.913640169,inactive
CHEMBL250110,CC1=CC2=CC[C@H]3[C@@H]4CC[C@H](O)[C@@]4(C)CC[C@@H]3[C@@]2(C)CC1,4.647817482,inactive
CHEMBL418198,CCC1c2cc3c(C(F)(F)F)cc(O)nc3cc2NC[C@@H]1C,4.567030709,inactive
CHEMBL201167,C[C@H]1CN(C(=O)Nc2ccccn2)[C@H](C)CN1c1ccc(C#N)c(C(F)(F)F)c1,4.107905397,inactive
CHEMBL1830783,COCCN1CC(C)(C)C(Oc2ccc(C#N)c(C(F)(F)F)c2)C1=O,4.752026734,inactive
CHEMBL1830788,CCNC(=O)CN1CC(C)(C)C(Oc2ccc(C#N)c(C(F)(F)F)c2)C1=O,4.308918508,inactive
CHEMBL190225,Cc1c(NS(C)(=O)=O)cccc1N(Cc1ccccc1)Cc1ccc(Oc2ccc(OCC(=O)O)cc2)cc1,3.931814138,inactive
CHEMBL370236,C[C@]12CCC3C(CC=C4C[C@@H](O)CC[C@@]43/C=C/Cl)C1CC[C@@H]2O,4.84284556,inactive
CHEMBL1783642,CC[Si](CC)(c1ccc(OCC(=O)C(C)(C)C)c(C)c1)c1ccc(OCC(=O)C(C)(C)C)c(C)c1,4.207608311,inactive
CHEMBL1215622,COC(=O)C1=C(Cn2cnnn2)NC(C)=C(C#N)C1c1ccc(F)cc1Cl,4.568636236,inactive
CHEMBL3578285,C[C@H](c1ccc(F)cc1)N1C(=O)O[C@](Cc2ccccc2)(c2nc3cc(N4CCOCC4)ccc3[nH]2)C1=O,4.113509275,inactive
CHEMBL3578286,C[C@H](c1ccc(F)cc1)N1C(=O)O[C@](Cc2ccccc2)(c2nc3cc(-c4cccnc4)ccc3[nH]2)C1=O,4.431798276,inactive
CHEMBL1923999,O=C(O)c1cccc(CSc2ccc(Cl)cc2Cl)c1,3.301029996,inactive
CHEMBL570708,Cc1c(C#N)c(Cl)nc2c3c(sc12)NC(=O)CC3c1ccccc1Cl,4.700000504,inactive
CHEMBL1215621,COC(=O)C1=C(Cn2cncn2)NC(C)=C(C#N)C1c1ccc(F)cc1Cl,4.337242168,inactive
CHEMBL201517,CCC[C@]12CC[C@H](O)CC1=CCC1C3CC[C@H](O)[C@@]3(C)CCC12,4.752272167,inactive
CHEMBL3262348,CC(C)(O)c1cn(-c2cc(C(F)(F)F)cc(C(F)(F)F)c2)nn1,3.397940009,inactive
CHEMBL418971,CC(C)(c1ccc(O)cc1)c1ccc(O)cc1,4.229147988,inactive
CHEMBL2316563,CCOc1cccc(OCCSc2nc3ccccc3n2CCOc2ccc(C)cc2)c1,3.642065153,inactive
CHEMBL197648,COc1ccncc1NC(=O)N1C[C@H](C)N(c2ccc(C#N)c(C(F)(F)F)c2)C[C@H]1C,4.920818754,inactive
CHEMBL247785,O=c1cc(C(F)(F)F)c2c3c(ccc2[nH]1)NCCO3,4.823908741,inactive
CHEMBL480960,Cn1cc(N(Cc2ccccc2)c2ccc([N+](=O)[O-])cc2)cc1CO,4.677780705,inactive
CHEMBL1928878,O=C1COc2ccc(C3=Nc4ccccc4SC3c3ccccc3)cc2N1,4.920818754,inactive
CHEMBL4069656,O=C1c2ccc(F)cc2C(=O)N1c1nc(-c2ccc(F)cc2)cs1,3.66735959,inactive
CHEMBL1924003,Cc1cc(/C=C/C(=O)O)c(C)n1-c1ccc2c(c1)OCO2,3.301029996,inactive
CHEMBL480162,Cn1cc(N(Cc2ccccc2)c2ccc([N+](=O)[O-])cc2)cc1C(N)=O,4.709965389,inactive
CHEMBL481939,Cc1ccc(CN(c2ccc([N+](=O)[O-])cc2)c2cc(C(=O)N3CCCC3)n(C)c2)cc1,4.327902142,inactive
CHEMBL195033,O=C1CC(c2ccccc2)Oc2ccc(O)cc21,4.48148606,inactive
CHEMBL1255008,C[C@]12CC[C@H]3[C@@H](CC=C4CC(=O)CC[C@@]43C)[C@@H]1CC[C@@H]2[C@@]1(C)CC=CC(=O)N1,4.698970004,inactive
CHEMBL1084632,CCCS(=O)(=O)Nc1ccc(-c2ccc3c(cnn3-c3ccc(F)cc3)c2)c(C(F)(F)F)c1,4.499999679,inactive
CHEMBL1085625,CCS(=O)(=O)Nc1ccc(-c2ccc3c(cnn3-c3ccc(F)cc3)c2)c(C(F)(F)F)c1,4.300000202,inactive
CHEMBL444991,Cc1cc(C)cc(Nc2cc(C(=O)N3CCCC3)n(C)c2)c1,3.823908741,inactive
CHEMBL520428,Cn1cc(N(Cc2ccccc2)c2ccc([N+](=O)[O-])cc2)cc1C(=O)N1CCCCC1,4.769551079,inactive
CHEMBL481302,CCCCN(CCCC)C(=O)c1cc(N(Cc2ccccc2)c2ccc([N+](=O)[O-])cc2)cn1C,4.214670165,inactive
CHEMBL1289012,CC1(O)CCCc2c1[nH]c1ccc(C#N)cc21,4.036212173,inactive
CHEMBL594854,COc1ccccc1/C=C/C(=O)c1ccccc1O,4.455931956,inactive
CHEMBL4279318,O=C1CC(c2ccccc2O)Oc2ccc(Cl)cc21,4.774690718,inactive
CHEMBL4648793,Cc1ccc(NC(=O)c2cc3cccc(O)c3oc2=N)cc1,4.619788758,inactive
CHEMBL1928874,O=C1COc2ccc(C3=Nn4cnnc4SC3c3ccccc3F)cc2N1,4.229147988,inactive
CHEMBL481746,Cn1cc(N(Cc2ccc(CO)cc2)c2ccc([N+](=O)[O-])cc2)cc1C(=O)N1CCCC1,4.259637311,inactive
CHEMBL481356,CC(C)N(c1ccc([N+](=O)[O-])cc1)c1cc(C(=O)N2CCCC2)n(C)c1,3.838631998,inactive
CHEMBL4079171,O=C1c2ccccc2C(=O)N1c1nc(-c2ccc([N+](=O)[O-])cc2)cs1,3.880414225,inactive
CHEMBL507267,CC(C)c1ccccc1Oc1ccc(C#N)c(C(F)(F)F)c1,4.642065153,inactive
CHEMBL1835807,CCN(CC)c1cc2oc(=O)ccc2cc1-c1ccccc1,4,inactive
CHEMBL2316559,Cc1ccc(OCCSc2nc3ccccc3n2CC(=O)OC(C)C)cc1,3.954677021,inactive
CHEMBL250083,O=c1cc(C(F)(F)F)c2c3c(ccc2[nH]1)N[C@H](c1ccccc1)CO3,4.829738285,inactive
CHEMBL2316554,CCn1c(SCCOc2ccccc2)nc2ccccc21,3.920818754,inactive
CHEMBL521249,Cn1cc(N(Cc2ccccc2)c2ccc(C(F)(F)F)cc2)cc1C(=O)N1CCCC1,4.769551079,inactive
CHEMBL480934,Cn1cc(N(Cc2ccc(O)cc2)c2ccc([N+](=O)[O-])cc2)cc1C(=O)N1CCCC1,4.318758763,inactive
CHEMBL1929041,Cc1cc(F)ccc1-n1nc(C(F)(F)F)cc1-c1cc(Cl)c2c(c1)NC(=O)CO2,4.346787486,inactive
CHEMBL4642678,N=c1oc2c(O)cccc2cc1C(=O)Nc1ccccc1F,4.356547324,inactive
CHEMBL2316560,COCCn1c(SCCOc2ccc(C)cc2)nc2ccccc21,3.896196279,inactive
CHEMBL369991,CC/C=C\[C@]12CC[C@H](O)CC1=CCC1C3CC[C@H](O)[C@@]3(C)CCC12,4.42400438,inactive
CHEMBL1738937,Cc1ccc(OCCn2c(SCCC(=O)O)nc3ccccc32)cc1,3.301029996,inactive
CHEMBL4290001,O=C1CC(c2ccccc2O)Oc2ccc(Br)cc21,4.752026734,inactive
CHEMBL1084014,O=S(=O)(Nc1ccc(-c2ccc3c(cnn3-c3ccc(F)cc3)c2)c(C(F)(F)F)c1)c1cccc(C(F)(F)F)c1,4.400000186,inactive
CHEMBL1086086,O=S(=O)(NCCO)c1ccc(-c2ccc3c(cnn3-c3ccc(F)cc3)c2)c(C(F)(F)F)c1,4,inactive
CHEMBL372390,C[C@H]1CN(c2ccc(C#N)c(C(F)(F)F)c2)[C@H](C)CN1C(=O)Nc1ccc(C(F)(F)F)nc1,4.886056648,inactive
CHEMBL2316569,Cc1cccc(OCCSc2nc3ccccc3n2C)c1,3.346787486,inactive
CHEMBL1738936,Cc1ccc(OCCn2c(SCCOc3ccccc3)nc3ccccc32)cc1,3.882728704,inactive
CHEMBL2316538,c1ccc(CCSc2nc3ccccc3[nH]2)cc1,4.13076828,inactive
CHEMBL481686,Cc1cc(C)cc(N(Cc2ccc(CO)cc2)c2cc(C(=O)N3CCCC3)n(C)c2)c1,4.236572006,inactive
CHEMBL470842,N#Cc1ccc(Oc2ccc(Cl)cc2)cc1C(F)(F)F,4.177178355,inactive
CHEMBL4285137,COc1ccccc1/C=C/C(=O)c1cc(F)ccc1O,4.300162274,inactive
CHEMBL479988,CC(=O)c1ccc(N(Cc2ccccc2)c2cc(C(=O)N3CCCC3)n(C)c2)cc1,4.698970004,inactive
CHEMBL481152,CCN(c1cc(C)cc(C)c1)c1cc(C(=O)N2CCCC2)n(C)c1,3.647817482,inactive
CHEMBL516610,Cn1cc(Nc2ccc([N+](=O)[O-])cc2)cc1C(=O)N1CCCC1,3.832682665,inactive
CHEMBL3263763,COc1nc(C2=NN(c3ccc(C#N)c(C)n3)[C@@H](C3CCCC3)C2)ccc1C(N)=O,4.109020403,inactive
CHEMBL224736,C[C@]12CCC(=O)CC1C[C@@H](CCCCC[S+]([O-])CCCC(F)(F)C(F)(F)F)[C@@H]1[C@@H]2CC[C@]2(C)[C@@H](O)CC[C@@H]12,4.167491087,inactive
CHEMBL203561,C#CC[C@]12CC[C@H](O)CC1=CCC1C2CC[C@@]2(C)C1CC[C@@H]2O,4.765229705,inactive
CHEMBL201809,CC#C[C@]12CC[C@H](O)CC1=CCC1C2CC[C@@]2(C)C1CC[C@@H]2O,4.42794201,inactive
CHEMBL204389,CO/C=C/[C@]12CC[C@H](O)CC1=CCC1C3CC[C@H](O)[C@@]3(C)CCC12,4.335640125,inactive
CHEMBL4226575,COC(=O)c1ccc(Cc2c(C)n[nH]c2C)cc1,4.823908741,inactive
CHEMBL4279841,CC(C)Oc1ccccc1/C=C/C(=O)c1cc(Br)ccc1O,4.040481623,inactive
CHEMBL2030817,O=C(/C=C/c1ccccc1)c1cc(Cl)ccc1O,4.821023053,inactive
CHEMBL485349,O=C1CC(c2ccccc2O)Oc2ccc(O)cc21,4.563837353,inactive
CHEMBL238338,N#Cc1ccc(-c2ccccc2OCCO)cc1C(F)(F)F,4.812479279,inactive
CHEMBL235784,COC(=O)COc1ccccc1-c1ccc(C#N)c(C(F)(F)F)c1,4.882728704,inactive
CHEMBL4741021,C[C@](O)(Cn1cc(F)cn1)C(=O)Nc1ccnc(Cl)c1,4.607303047,inactive
CHEMBL3695603,CC[C@]12CC[C@H]3[C@@H](C=CC4=CC(=O)CC[C@@H]43)[C@@H]1CC[C@@]21C=CC(=O)O1,4.585026652,inactive
CHEMBL250104,O=C(O)CCc1cc(Br)c(OCc2cccc(Br)c2)c(Br)c1,4.113509275,inactive
CHEMBL4292968,O=C(/C=C/c1ccccc1O)c1cc(F)ccc1O,4.847711656,inactive
CHEMBL3622574,COc1ccccc1Cc1n[nH]c(=O)c2ccccc12,4.018181393,inactive
CHEMBL3622584,CCNc1ccccc1Cc1n[nH]c(=O)c2ccccc12,4.43062609,inactive
CHEMBL101907,CC1=CC(C)(C)Nc2ccc3c(c21)C(c1cc(C)cc(Br)c1)Oc1ccccc1-3,4.907981529,inactive
CHEMBL2334339,CC[Si](CC)(c1ccc(OCC(O)CO)c(C)c1)c1ccc(OCC(O)C(C)(C)C)c(C)c1,4.167491087,inactive
CHEMBL2346976,CC(=O)N1CCN(CCOc2ccc(C3CCN(C4=Nn5c(nnc5C(F)(F)F)CC4)CC3)cc2)CC1,4.749999856,inactive
CHEMBL3787387,CCOC(=O)C(CC)Oc1ccc2c(C)cc(=O)oc2c1,4.301029996,inactive
CHEMBL1924000,COC(=O)c1ccc([C@H]2Nc3ccc(C(C)=O)cc3[C@H]3C=CC[C@H]32)cc1,4.920818754,inactive
CHEMBL1835832,CCN(CC)c1cc2oc(=O)ccc2cc1-c1cccs1,4.013228266,inactive
CHEMBL3337831,Cc1nn(CCC(C)(F)F)c(-c2ccc(F)cc2)c1-c1ccc2c(c1)NC(=O)CO2,4.036212173,inactive
CHEMBL1288956,Oc1cccc2c1[nH]c1ccc(Br)cc12,4.847711656,inactive
CHEMBL65021,COc1cccc2c1-c1ccc(NS(C)(=O)=O)cc1C(c1ccccc1)O2,4.185419484,inactive
CHEMBL3622581,O=C(Nc1ccccc1Cc1n[nH]c(=O)c2ccccc12)C(F)(F)F,4.995678626,inactive
CHEMBL1085380,CCCNS(=O)(=O)c1ccc(-c2ccc3c(cnn3-c3ccc(F)cc3)c2)c(C(F)(F)F)c1,4.200000237,inactive
CHEMBL2334724,CC[Si](CC)(c1ccc(OCC(=O)C(C)(C)C)c(C)c1)c1ccc(OC[C@H](O)CO)c(C)c1,4.397940009,inactive
CHEMBL2346970,OC1(c2ccc(F)cc2)CCN(c2ccc3nnc(C(F)(F)F)n3n2)CC1,4.430000268,inactive
CHEMBL2334345,CC[Si](CC)(c1ccc(OC[C@@H](O)C(C)(C)C)c(C)c1)c1ccc(OC[C@H](O)CO)c(C)c1,4.13076828,inactive
CHEMBL3927163,O=S(=O)(Nc1ccc(Oc2ccccc2)cc1)c1cccc(C(F)(F)F)c1,4.27572413,inactive
CHEMBL2316570,CCOC(=O)Cn1c(SCCOc2cccc(CC)c2)nc2ccccc21,3.259637311,inactive
CHEMBL4064645,C[C@]12CC[C@H]3[C@@H](CC[C@H]4NC(=O)CC[C@]34C)[C@@H]1CC[C@@H]2C(=O)Nc1ccccc1,3.638272164,inactive
CHEMBL3337823,CCCCn1nc(C)c(-c2ccc3c(c2)NC(=O)CO3)c1-c1ccc(F)cc1,4.443697499,inactive
CHEMBL3578284,Cc1nocc1-c1ccc2[nH]c([C@@]3(Cc4ccccc4)OC(=O)N([C@H](C)c4ccc(F)cc4)C3=O)nc2c1,4.468521083,inactive
CHEMBL464929,COc1cc(C#N)ccc1Oc1ccc(C)cc1,4.283162277,inactive
CHEMBL3623004,C[C@@H]1Cc2c([nH]c3ccccc23)[C@@H](c2c(F)cc(/C=C/C(=O)O)cc2F)N1CC(C)(C)F,3.522878745,inactive
CHEMBL4562338,CC#C[C@]1(O)CC[C@H]2[C@@H]3CCC4=CC(=O)CC[C@]4(C)[C@H]3[C@@H](c3ccc(N(C)CCOC)cc3)C[C@@]21C,4.887730232,inactive
CHEMBL4453035,CC#C[C@]1(O)CC[C@H]2[C@@H]3CCC4=CC(=O)CC[C@]4(C)[C@H]3[C@@H](c3ccc(N4CCCC4)cc3)C[C@@]21C,4.502241282,inactive
CHEMBL4644092,N=c1oc2c(O)cccc2cc1C(=O)Nc1ccc(F)cc1,4.187086643,inactive
CHEMBL1288957,N#Cc1ccc2[nH]c3c(O)cccc3c2c1,4.337242168,inactive
CHEMBL4591353,CN1CCN(c2ccc([C@H]3C[C@@]4(C)[C@@H](CC[C@@]4(O)C#CC(C)(C)C)[C@@H]4CCC5=CC(=O)CC[C@@H]5[C@@H]34)cc2)CC1,4.997833938,inactive
CHEMBL3706892,CN(C)c1ccc2c(C(F)(F)F)cc(=O)[nH]c2c1,4.935542011,inactive
CHEMBL2159543,Fc1ccc(C2=NOC3CCCCCC23)cc1C(F)(F)F,3.960000078,inactive
CHEMBL3827008,CC(O)(CS(=O)(=O)c1cc(C(F)(F)F)cc(C(F)(F)F)c1)C(=O)Nc1ccc([N+](=O)[O-])c(C(F)(F)F)c1,4.508638306,inactive
CHEMBL3337824,Cc1nn(CC(C)C)c(-c2ccc(F)cc2)c1-c1ccc2c(c1)NC(=O)CO2,4.431798276,inactive
CHEMBL2316561,Cc1cccc(OCCSc2nc3ccccc3n2CC(=O)OC(C)C)c1,3.863279433,inactive
CHEMBL190109,Cc1c(NS(C)(=O)=O)cccc1N(Cc1ccc(Oc2ccc(Cl)c(OCC(=O)O)c2)cc1)Cc1ccc(F)cc1F,4.443697499,inactive
CHEMBL102754,CC1=CC(C)(C)Nc2ccc3c(c21)C(c1ccc(Cl)c(F)c1)Oc1ccccc1-3,4.656591406,inactive
CHEMBL2346967,N#Cc1ccc(CN2CCN(c3ccc4nnc(C(F)(F)F)n4n3)CC2)cc1,4.820000358,inactive
CHEMBL3262343,CC(C)(O)c1cn(-c2ccc(Cl)c(C(F)(F)F)c2)nn1,3.30980392,inactive
CHEMBL369979,C=CC[C@]12CC[C@H](O)CC1=CCC1C2CC[C@@]2(C)C1CC[C@@H]2O,4.752517739,inactive
CHEMBL2397337,CCS(=O)(=O)Nc1cccc(-c2cc(=O)n(-c3ccc4ccccc4c3)nc2C)c1,4.010550182,inactive
CHEMBL2397335,CCS(=O)(=O)Nc1cccc(-c2cc(=O)n(-c3cc(Cl)cc(Cl)c3)nc2C)c1,3.879755204,inactive
CHEMBL2440233,O=C(O[C@H]1C(=O)C=CN(C(=O)/C=C/c2ccccc2)[C@@H]1c1ccccc1)c1ccc(F)cc1C(F)(F)F,3.521433504,inactive
CHEMBL4294564,O=C(/C=C/c1ccccc1O)c1cc(I)ccc1O,4.785156152,inactive
CHEMBL549725,CC(C(=O)N(C)C)N(CC(F)(F)F)c1ccc(C#N)c(C(F)(F)F)c1,4.795880017,inactive
CHEMBL4059979,COc1ccc(-c2csc(N3C(=O)c4ccc(F)cc4C3=O)n2)cc1,4.087777943,inactive
CHEMBL4060981,Cc1ccc(-c2csc(N3C(=O)c4ccc(F)cc4C3=O)n2)cc1,3.588043762,inactive
CHEMBL3578274,C[C@H](c1ccc(F)cc1)N1C(=O)O[C@](Cc2ccccc2)(c2nc3cc(C(F)(F)F)ccc3[nH]2)C1=O,4.522878745,inactive
CHEMBL3337731,Cc1nn(Cc2ccccc2)c(-c2ccc(F)cc2)c1-c1ccc2c(c1)NC(=O)CO2,4.251811973,inactive
CHEMBL137103,CC1=CC(C)(C)Nc2ccc3c(c21)/C(=C/c1cc(F)ccc1F)Oc1ccccc1-3,4.795880017,inactive
CHEMBL4875270,C[C@](O)(Cn1ccnc1)C(=O)Nc1ccc(C#N)c(Cl)c1,4.731422028,inactive
CHEMBL4798945,N#Cc1ccc(N2C(=O)C3CCc4cc(-c5cccnc5)ccc4N3C2=S)cc1C(F)(F)F,4.408267761,inactive
CHEMBL4788869,Cc1noc(C)c1-c1ccc2c(c1)CCC1C(=O)N(c3ccc(C#N)c(C(F)(F)F)c3)C(=S)N21,4.223444089,inactive
CHEMBL4800572,C[C@@]1(Cn2cc(F)cn2)OC(=O)N(c2ccc(C#N)c(C(F)(F)F)c2)C1=O,4.946537395,inactive
CHEMBL3622583,CCN(CC)c1ccccc1Cc1n[nH]c(=O)c2ccccc12,4.779891912,inactive
CHEMBL3622585,CN(C)c1ccccc1Cc1n[nH]c(=O)c2ccccc12,4.709965389,inactive
CHEMBL3323501,CS(=O)(=O)c1c(F)cccc1-c1csc(N2CCOCC2)n1,4.448550002,inactive
CHEMBL1488607,Fc1ccc(-c2csc(N3CCSCC3)n2)cc1,4.798602876,inactive
CHEMBL1403349,Fc1ccc(-c2csc(-c3ccncc3)n2)cc1,4.896196279,inactive
CHEMBL245378,C[C@]12CC[C@H]3[C@@H](CC=C4[C@H]5CC[C@]43CC[C@@H]5O)[C@@H]1CC[C@@H]2O,4.861697302,inactive
CHEMBL203085,C[C@H]1CN(C(=O)Nc2ccncn2)[C@H](C)CN1c1ccc(C#N)c(C(F)(F)F)c1,4.337242168,inactive
CHEMBL188857,CC(C)(C)OC(=O)N1C[C@@H]2C[C@H]1[C@H]1C(=O)N(c3ccc(C#N)cc3)C(=O)N21,4.454692884,inactive
CHEMBL102720,CC1=CC(C)(C)Nc2ccc3c(c21)C(c1ccc(Cl)c(C)c1)Oc1ccccc1-3,4.845880474,inactive
CHEMBL3658381,C[C@]12CCC3C4CCC(=O)C=C4[C@H](CO)CC3C1C1CC1[C@@]21CCC(=O)O1,4,inactive
CHEMBL4294994,O=C(/C=C/c1ccccc1O)c1cc(Br)cc(Br)c1O,4.542118103,inactive
CHEMBL4278241,COc1ccc2oc(-c3ccccc3OC)cc(=O)c2c1,4.208309351,inactive
CHEMBL3323469,Oc1ccc(-c2ccc3ccccc3n2)cc1,4.007004902,inactive
CHEMBL380876,CO/C=C\[C@]12CC[C@H](O)CC1=CCC1C3CC[C@H](O)[C@@]3(C)CCC12,4.853251986,inactive
CHEMBL4750503,N#Cc1ccc(N2C(=O)C3CCc4cc(Br)ccc4N3C2=S)cc1C(F)(F)F,4.358823453,inactive
CHEMBL133715,CCCCSc1cc(C(F)(F)F)c2cc3c(cc2n1)NC(C)(C)CC3,4.729088361,inactive
CHEMBL3622588,O=c1[nH]nc(Cc2c(F)cccc2F)c2ccccc12,4.424812155,inactive
CHEMBL3622586,CNc1ccccc1Cc1n[nH]c(=O)c2ccccc12,4.044793462,inactive
CHEMBL4283232,COc1ccccc1/C=C/C(=O)c1cc(Br)ccc1O,4.312471039,inactive
CHEMBL4290022,O=C(/C=C/c1ccc2c(c1)OCO2)c1cc(Cl)ccc1O,4.360513511,inactive
CHEMBL348918,C[C@H]1Nc2cc3c(cc2[C@H]1C)c(C(F)(F)F)cc(=O)n3C,4.037062712,inactive
CHEMBL1830772,CN1CC(C)(C)C(Oc2ccc(C#N)c(C(F)(F)F)c2)C1=O,4.91721463,inactive
CHEMBL2316568,CCOC(=O)Cn1c(SCCOc2ccc(C)c(C)c2)nc2ccccc21,3.394694954,inactive
CHEMBL3578276,C[C@H](c1ccc(F)cc1)N1C(=O)O[C@](Cc2ccccc2)(c2nc3cc(NS(C)(=O)=O)ccc3[nH]2)C1=O,3.886056648,inactive
CHEMBL3576885,C[C@H](c1ccc(F)cc1)N1C(=O)O[C@](Cc2ccccc2)(c2nc3cc(-c4cc[nH]n4)ccc3[nH]2)C1=O,4.508638306,inactive
CHEMBL4091358,COc1ccc(-c2csc(N3C(=O)c4ccccc4C3=O)n2)cc1,3.864231485,inactive
CHEMBL4286655,COc1ccccc1/C=C/C(=O)c1cc(I)ccc1O,4.764471553,inactive
CHEMBL4287759,CCOc1ccccc1/C=C/C(=O)c1cc(Br)ccc1O,4.278189385,inactive
CHEMBL1981815,O=C(/C=C/c1ccc(O)cc1)c1cc(Cl)ccc1O,4.227678293,inactive
CHEMBL185265,Cc1c(NS(C)(=O)=O)cccc1N(Cc1ccccc1)Cc1ccc(Oc2cccc(OCCCC(=O)NCCCC(=O)O)c2)cc1,4.795880017,inactive
CHEMBL1830784,CSCCN1CC(C)(C)C(Oc2ccc(C#N)c(C(F)(F)F)c2)C1=O,4.610833916,inactive
CHEMBL133825,Cc1c2c(cc3c(C(F)(F)F)cc(F)nc13)C(C)CC(C)(C)N2,4.839231438,inactive
CHEMBL249904,C#C[C@]1(O)CC[C@H]2[C@@H]3CC=C4C=C(C)CC[C@]4(C=C)[C@H]3CC[C@@]21C,4.791827473,inactive
CHEMBL3323500,COc1c(F)cc(O)cc1-c1csc(N2CCOCC2)n1,4.519993057,inactive
CHEMBL3323496,c1ccc(-c2csc(N3CCOCC3)n2)nc1,4.588380294,inactive
CHEMBL454138,CC(C)OC(=O)C1=CN(C(=O)c2ccc(F)c(F)c2)CC(C)(C)c2c1[nH]c1ccccc21,4,inactive
CHEMBL481355,CCN(c1ccc([N+](=O)[O-])cc1)c1cc(C(=O)N2CCCC2)n(C)c1,3.809668302,inactive
CHEMBL4090771,N#Cc1ccc(N2C(=O)C3Cc4ccccc4N3C2=S)cc1C(F)(F)F,3.726998728,inactive
CHEMBL4284351,CCCOc1ccccc1/C=C/C(=O)c1cc(Br)ccc1O,4.402304814,inactive
CHEMBL2297680,COc1ccc(/C=C/C(=O)c2cc(Cl)ccc2O)cc1OC,4.279840697,inactive
CHEMBL4451795,C[C@](O)(Cn1cc(-c2ccccc2)c2cc(F)ccc21)C(=O)Nc1ccc(C#N)c(Cl)c1,4.986320303,inactive
CHEMBL3578295,C[C@H](c1ccc(F)cc1)N1C(=O)O[C@](Cc2ccccc2)(c2nc3c(NS(C)(=O)=O)cccc3[nH]2)C1=O,3.958607315,inactive
CHEMBL4641012,CCc1ccc(NC(=O)c2cc3cccc(O)c3oc2=N)cc1,4.443697499,inactive
CHEMBL592043,O=c1oc2cc(O)ccc2c(C(F)(F)F)c1Cc1ccccc1,4.22184875,inactive
CHEMBL4788710,N#Cc1ccc(N2C(=O)C3CSc4cc(Br)ccc4N3C2=S)cc1C(F)(F)F,3.741362717,inactive
CHEMBL4778974,CN1C(=O)N(c2ccc(F)c(C(F)(F)F)c2)C(=O)C1(C)C,4.886056648,inactive
CHEMBL3667040,C/C=C/C1=CC2=C(CO1)C(=O)[C@]1(C)OC(=O)[C@H](C(O)CCCCC)C1C2,3.920818754,inactive
CHEMBL4852702,Cc1cccc2c(-c3ccc4ccc(Cl)cc4n3)c[nH]c12,4.782516056,inactive
CHEMBL3263767,COc1nc(C2=NN(c3ccc(C#N)c(C)n3)[C@@H](C3CCCC3)C2)ccc1C(=O)NS(C)(=O)=O,4.002613616,inactive
CHEMBL4074927,Cn1c(C#N)ccc1-c1ccc(O)cc1S(C)(=O)=O,4.833895655,inactive
CHEMBL4870613,C[C@](O)(Cn1cncc1Br)C(=O)Nc1ccc(C#N)c(C(F)(F)F)c1,4.991825816,inactive
CHEMBL4748557,CC1(C)C(=O)N(c2ccc(F)c(C(F)(F)F)c2)C(=O)N1S(=O)(=O)c1ccccc1,4.366531544,inactive
CHEMBL4465426,CC1(C)NC(=O)N(c2ccc(F)c(C(F)(F)F)c2)C1=O,4.356547324,inactive
CHEMBL102541,CC1=CC(C)(C)Nc2ccc3c(c21)C(c1cc(Cl)cc(Cl)c1)Oc1ccccc1-3,4.96297212,inactive
CHEMBL4068008,CCOc1nccc2c1[C@H](c1ccc(C#N)cc1OC)C(C#N)=C(C)N2,4.552841969,inactive
CHEMBL4096901,CCOc1ncc(C)c2c1[C@H](c1ccc(C#N)cc1OC)C(C#N)=C(C)N2,4.619788758,inactive
CHEMBL4856041,CNC(=O)c1ccc2c(c1)CC1(C2)C(=O)N(c2ccc(C#N)c(C(F)(F)F)c2)C(=O)N1C,4.779891912,inactive
CHEMBL4852427,C[C@](O)(CN1CCOCC1)C(=O)Nc1ccc(C#N)c(C(F)(F)F)c1,4.992252222,inactive
CHEMBL4293816,O=C(/C=C/c1ccccc1O)c1cc(Br)ccc1O,4.060980224,inactive
CHEMBL4073161,O=C1c2ccccc2C(=O)N1c1nc(-c2ccccc2)cs1,3.433680378,inactive
CHEMBL4798843,C[C@](O)(Cn1cc(I)cn1)C(=O)Nc1ccc(C#N)c(C(F)(F)F)c1,4.69079582,inactive
CHEMBL4752893,CC(C)(C)OC(=O)Nc1ccc(-c2cnn(C[C@](C)(O)C(=O)Nc3ccc(C#N)c(C(F)(F)F)c3)c2)cc1,4.938170693,inactive
CHEMBL4793442,C[C@](O)(Cn1ccc(-c2ccc(F)cc2)n1)C(=O)Nc1ccc(C#N)c(C(F)(F)F)c1,4.971022295,inactive
CHEMBL4877237,Cc1cc(C)c2[nH]cc(-c3ccc4ccccc4n3)c2c1,4.798602876,inactive
CHEMBL4759623,c1ccc(C2Nc3ccc4ccccc4c3C3C4CCC(C4)C23)cc1,4.251811973,inactive
CHEMBL4782786,Clc1ccc(C2Nc3ccc4ccccc4c3C3C4CCC(C4)C23)cc1,4.127843727,inactive
CHEMBL4646593,CCc1cccc(NC(=O)c2cc3cccc(O)c3oc2=N)c1,4.236572006,inactive
CHEMBL4778550,CCOC(=O)c1ccc(NC(=O)c2cccc(S(=O)(=O)N3CCCc4ccccc43)c2)s1,4.692503962,inactive
CHEMBL3578271,C[C@H](c1ccc(F)cc1)N1C(=O)O[C@](Cc2ccccc2)(c2nc3cc(Cl)ccc3[nH]2)C1=O,4.508638306,inactive
CHEMBL4748422,CC1(C)NC(=O)N(c2ccnc(C(F)(F)F)c2)C1=O,4.346787486,inactive
CHEMBL4778019,C[C@](O)(Cn1ccc(-c2ccccc2)n1)C(=O)Nc1ccc(C#N)c(C(F)(F)F)c1,4.321481621,inactive
CHEMBL4758685,C[C@](O)(Cn1cc(-c2ccccc2)cn1)C(=O)Nc1ccc(C#N)c(C(F)(F)F)c1,4.938547521,inactive
CHEMBL4285568,COc1cc(/C=C/C(=O)c2cc(Cl)ccc2O)ccc1O,4.225483034,inactive
CHEMBL4778298,CC1(C)NC(=O)N(c2ccnc3ccccc23)C1=O,4.886056648,inactive
CHEMBL4781708,CC1(C)NC(=O)N(c2cccc(C(F)(F)F)c2)C1=O,4.22184875,inactive
CHEMBL4640248,N=c1oc2c(O)cccc2cc1C(=O)Nc1ccccc1Cl,4.48148606,inactive
CHEMBL4227287,CC(C)C[C@H](NC(=O)[C@@H](O)[C@H](N)Cc1ccccc1)C(=O)NCCOCCOCCOCCNC(=O)c1ccc(S(=O)(=O)CC(C)(O)C(=O)Nc2ccc(C#N)c(C(F)(F)F)c2)cc1,4.958607315,inactive
CHEMBL3622576,O=c1[nH]nc(Cc2ccccc2C(F)(F)F)c2ccccc12,4.435333936,inactive
CHEMBL4098395,O=C1c2ccc(F)cc2C(=O)N1c1nc(-c2ccc([N+](=O)[O-])cc2)cs1,4.109020403,inactive
CHEMBL2357456,O=C1c2ccccc2C(=O)N1c1nc(-c2ccc(F)cc2)cs1,3.544241797,inactive
CHEMBL4090670,O=C1c2ccc(F)cc2C(=O)N1c1nc(-c2ccccc2)cs1,3.646083769,inactive
CHEMBL2316546,c1ccc(OCCSc2cc3ccccc3[nH]2)cc1,4.26760624,inactive
CHEMBL2316544,Clc1ccc(OCCSc2nc3ccccc3[nH]2)cc1,4.397940009,inactive
CHEMBL2316541,Cc1ccc(OCCSc2nc3ccccc3[nH]2)cc1,4.15490196,inactive
CHEMBL2316539,Cc1ccccc1OCCSc1nc2ccccc2[nH]1,3.721246399,inactive
CHEMBL4082265,C[C@@H]1[C@H](O)C(C)(C)C(=O)N1c1ccc(C#N)c(Cl)c1,4.180456064,inactive
CHEMBL4757852,N#Cc1ccc(N2C(=O)C3CCc4cc(-c5ccc(C(F)(F)F)nc5)ccc4N3C2=S)cc1C(F)(F)F,4.660946264,inactive
CHEMBL4787631,CC1(C)C(=O)N(c2ccc(C#N)c(C(F)(F)F)c2)C(=S)N1c1cnc2c(c1)COC2=O,4.639785387,inactive
CHEMBL75897,O=C1CC(c2ccccc2O)Oc2ccccc21,4.193820026,inactive
CHEMBL4293380,O=C1CC(c2ccccc2O)Oc2ccc(I)cc21,4.370590401,inactive
CHEMBL4754074,N#Cc1ccc(N2C(=O)C3CNc4cc(Br)ccc4N3C2=S)cc1C(F)(F)F,4.006035002,inactive
CHEMBL4175249,Cc1cc(C(O)(C(F)(F)F)C(F)(F)F)cc2c1[nH]c(=O)c1cc(F)ccc12,4.744727495,inactive
CHEMBL4750103,CC1(C)NC(=O)N(c2ccc(Cl)c(C(F)(F)F)c2)C1=O,4.886056648,inactive
CHEMBL4740944,CC1(C)C(=O)N(c2ccc(F)c(C(F)(F)F)c2)C(=O)N1S(C)(=O)=O,4.200659451,inactive
CHEMBL4777511,CC1(C)CN(c2ccc(F)c(C(F)(F)F)c2)C(=O)N1,4.091514981,inactive
CHEMBL4793158,CC1(CO)NC(=O)N(c2ccc(F)c(C(F)(F)F)c2)C1=O,4.318758763,inactive
CHEMBL4763136,O=C1N[C@H](c2ccccc2)C(=O)N1c1ccc(F)c(C(F)F)c1,4.27572413,inactive
CHEMBL2356368,O=C1c2ccccc2C(=O)N1c1nc(-c2ccc(Cl)cc2)cs1,3.581036169,inactive
CHEMBL456237,Fc1ccc(-c2c3cccc(C(F)(F)F)c3nn2Cc2ccc(F)cc2Cl)cc1,4.638272164,inactive
CHEMBL4790269,CC1(C)OC(=O)N(c2ccc(F)c(C(F)(F)F)c2)C1=O,4.677780705,inactive
CHEMBL4747499,O=C1NC2(CCCCC2)C(=O)N1c1ccc(F)c(C(F)(F)F)c1,4.37675071,inactive
CHEMBL4798254,Clc1ccc(C2Nc3ccc4ccccc4c3C3OCCCC23)c(Cl)c1,3.691435586,inactive
CHEMBL4747056,N#Cc1ccc(NC(=O)CCn2cc(F)cn2)cc1C(F)(F)F,4.672845488,inactive
CHEMBL4777133,CC1(C)CNC(=O)N(c2ccc(F)c(C(F)(F)F)c2)C1=O,4.161150909,inactive
CHEMBL4782426,CC1(C)NC(=O)N(c2ccncc2)C1=O,4.420216403,inactive
CHEMBL4746443,CN(C)C(=O)c1cc(N2C(=O)NC(C)(C)C2=O)ccc1F,4.040958608,inactive
CHEMBL4747667,Cc1cnn(C[C@](C)(O)C(=O)Nc2ccc(C#N)c(C(F)(F)F)c2)c1,4.092212557,inactive
CHEMBL4527872,CN(C)c1ccc([C@H]2C[C@@]3(C)[C@@H](CC[C@@]3(O)C#CC3CC3)[C@@H]3CCC4=CC(=O)CC[C@]4(C)[C@@H]23)cc1,4.838033384,inactive
CHEMBL4452917,CC#C[C@]1(O)CC[C@H]2[C@@H]3CCC4=CC(=O)CC[C@]4(C)[C@H]3[C@@H](c3ccc(N(C)C(C)C)cc3)C[C@@]21C,4.648590248,inactive
CHEMBL4781726,N#Cc1ccc(N2C(=O)C3CCc4ccccc4N3C2=S)cc1C(F)(F)F,4.547140664,inactive
CHEMBL4088224,N#Cc1ccc(-c2csc(N3C(=O)c4ccc(F)cc4C3=O)n2)cc1,4.22475374,inactive
CHEMBL4282772,O=C1CC(c2ccccc2O)Oc2c(Br)cc(Br)cc21,4.447331784,inactive
CHEMBL4572306,CC(C)(NC(=O)Nc1ccc(F)c(C(F)(F)F)c1)C(=O)O,4.508638306,inactive
CHEMBL4786811,CC1(C)C(=O)NC(=O)N1c1ccc(F)c(C(F)(F)F)c1,4.552841969,inactive
CHEMBL4778185,O=C1C2CCCN2C(=O)N1c1ccc(F)c(C(F)(F)F)c1,4.455931956,inactive
CHEMBL4082860,O=C1c2ccc(F)cc2C(=O)N1c1nc(-c2ccc(Cl)cc2)cs1,3.553462833,inactive
CHEMBL4756936,CCOC(=O)Nc1cc2c(cc1F)CC1C(=O)N(c3cnc(C#N)c(C(F)(F)F)c3)C(=S)N1C2,4.209714836,inactive
CHEMBL3622573,Cc1ccccc1Cc1n[nH]c(=O)c2ccccc12,4.020451625,inactive
CHEMBL4786505,CC1(C)C(=O)N(c2ccc(F)c(C(F)(F)F)c2)C(=O)N1CCc1ccccc1,4.619788758,inactive
CHEMBL4870661,OC(c1cccc2nc(-c3c[nH]c4c(F)c(F)c(F)cc34)ccc12)C(F)(F)F,3.494850022,inactive
CHEMBL4862864,C[C@](O)(Cn1cnc(C(F)(F)F)n1)C(=O)Nc1ccc(C#N)c(C(F)(F)F)c1,4.994390555,inactive
CHEMBL4756685,N#Cc1ncc(N2C(=O)C3(CCCC3)N(c3cnc4c(c3)COC4=O)C2=S)cc1C(F)(F)F,4.653842698,inactive
CHEMBL4103425,N#Cc1ccc(-c2csc(N3C(=O)c4ccccc4C3=O)n2)cc1,3.960189446,inactive
CHEMBL4070425,Cc1ccc(-c2csc(N3C(=O)c4ccccc4C3=O)n2)cc1,3.537003388,inactive
CHEMBL4876467,Clc1cc(Cl)c2[nH]cc(-c3ccc4ccccc4n3)c2c1,4.823908741,inactive
CHEMBL4161910,CCOC(=O)Nc1cc2c(cc1F)CC1C(=O)N(c3ccc(C#N)c(C(F)(F)F)c3)C(=S)N1C2,4.131355562,inactive
CHEMBL4860114,Cc1cc(Cl)c2[nH]cc(-c3ccc4ccccc4n3)c2c1,4.721246399,inactive
CHEMBL4743529,CC1(C)NC(=O)N(Cc2ccc(F)c(C(F)(F)F)c2)C1=O,4.37675071,inactive
CHEMBL4763876,CC1(C)NC(=O)N(c2cccnc2)C1=O,4.017728767,inactive
CHEMBL4799429,CC1(C)NC(=O)N(c2ccc(F)c(C#N)c2)C1=O,4.431798276,inactive
CHEMBL4787221,N#Cc1ccc(N2C(=O)C3CCc4cc(-c5ccn(C6CC6)n5)ccc4N3C2=S)cc1C(F)(F)F,4.344189506,inactive
CHEMBL4796332,Clc1ccc(C2Nc3ccc4ccccc4c3C3C=CCC32)cc1,4.716698771,inactive
CHEMBL4750351,N#Cc1ccc(N2C(=O)C3CCc4cc(-c5ccccc5)ccc4N3C2=S)cc1C(F)(F)F,4.463694128,inactive
CHEMBL4857366,C[C@](O)(Cn1cncn1)C(=O)Nc1ccc(C#N)c(C(F)(F)F)c1,4.962175249,inactive
CHEMBL4800363,C[C@](O)(Cn1cc(F)cn1)C(=O)Nc1cc(C(F)(F)F)c(C#N)cc1I,4.263603498,inactive
CHEMBL4776221,CC(C)(C)OC(=O)Nc1cnn(C[C@](C)(O)C(=O)Nc2cnc(C#N)c(C(F)(F)F)c2)c1,4.214100972,inactive
CHEMBL4779474,C[C@](O)(Cn1cccn1)C(=O)Nc1ccc(C#N)c(C(F)(F)F)c1,4.84103474,inactive
CHEMBL3695597,C[C@]12CC[C@H]3[C@@H](C=CC4=CC(=O)CC[C@@H]43)[C@@H]1CC[C@@]21C=CC(=O)O1,4,inactive
CHEMBL4784244,C[C@](O)(Cn1cc(C#N)c(Br)n1)C(=O)Nc1cnc(C#N)c(C(F)(F)F)c1,4.261140198,inactive
CHEMBL3343778,CC(C)c1ccc2c(c1)C(=O)C[C@@H]1[C@]2(C)CCC[C@@]1(C)CNC(=O)c1ccccc1,3.076755981,inactive
CHEMBL4759704,N#Cc1ccc(N2C(=O)C3CCc4cc(-c5cnc6ccccc6c5)ccc4N3C2=S)cc1C(F)(F)F,4.048031416,inactive
CHEMBL4476493,CCC#C[C@]1(O)CC[C@H]2[C@@H]3CCC4=CC(=O)CC[C@]4(C)[C@H]3[C@@H](c3ccc(N(C)C)cc3)C[C@@]21C,4.529442515,inactive
CHEMBL3622575,O=c1[nH]nc(Cc2ccccc2F)c2ccccc12,3.978810701,inactive
CHEMBL4846981,Cc1ccc2c(-c3ccc4ccccc4n3)c[nH]c2c1F,4.663540266,inactive
CHEMBL4745855,N#Cc1ncc(N2C(=O)C3(COC3)N(c3ccc4c(c3)COC4=O)C2=S)cc1C(F)(F)F,3.572919812,inactive
CHEMBL131,C[C@]12C[C@H](O)[C@H]3[C@@H](CCC4=CC(=O)C=C[C@@]43C)[C@@H]1CC[C@]2(O)C(=O)CO,3.468521083,inactive
CHEMBL4755743,N#Cc1ccc(N2C(=O)C3CCc4cc(-c5cnc(Cl)nc5)ccc4N3C2=S)cc1C(F)(F)F,4.092857469,inactive